Timestamp,Instrument,Bid Price,Bid Volume,Ask Price,Ask Volume
00:58:06,SP-FUTURE,3140.0,1070,3140.0,1768
00:58:06,ESX-FUTURE,3110.0,362,3110.0,2602
00:58:07,SP-FUTURE,3140.0,1267,3140.0,1571
00:58:07,SP-FUTURE,3140.0,536,3140.0,2302
00:58:08,ESX-FUTURE,3110.0,2883,3110.0,81
00:58:08,SP-FUTURE,3140.0,540,3140.0,2298
00:58:08,ESX-FUTURE,3110.0,1149,3110.0,1815
00:58:09,SP-FUTURE,3140.0,1972,3140.0,866
00:58:09,SP-FUTURE,3140.0,167,3140.0,2671
00:58:10,ESX-FUTURE,3110.0,1093,3110.0,1871
00:58:10,SP-FUTURE,3140.0,1181,3141.0,1657
00:58:12,ESX-FUTURE,3110.0,1573,3110.0,1391
00:58:12,SP-FUTURE,3140.0,1789,3141.0,1049
00:58:13,SP-FUTURE,3140.0,1164,3141.0,1674
00:58:13,ESX-FUTURE,3110.0,2231,3111.0,733
00:58:14,ESX-FUTURE,3111.0,2862,3111.0,102
00:58:15,ESX-FUTURE,3111.0,1856,3111.0,1108
00:58:15,SP-FUTURE,3140.0,2074,3141.0,764
00:58:16,SP-FUTURE,3140.0,1246,3141.0,1592
00:58:16,ESX-FUTURE,3111.0,948,3111.0,2016
00:58:17,SP-FUTURE,3140.0,2365,3140.0,473
00:58:17,ESX-FUTURE,3111.0,1956,3111.0,1008
00:58:18,SP-FUTURE,3141.0,1814,3141.0,1024
00:58:18,ESX-FUTURE,3111.0,1451,3111.0,1513
00:58:18,ESX-FUTURE,3111.0,1603,3111.0,1361
00:58:19,SP-FUTURE,3141.0,2182,3141.0,656
00:58:19,SP-FUTURE,3141.0,285,3142.0,2553
00:58:19,SP-FUTURE,3143.0,1272,3143.0,1566
00:58:19,ESX-FUTURE,3111.0,2291,3111.0,673
00:58:20,SP-FUTURE,3142.0,2112,3143.0,726
00:58:20,ESX-FUTURE,3112.0,99,3112.0,2865
00:58:21,SP-FUTURE,3143.0,165,3143.0,2673
00:58:21,SP-FUTURE,3143.0,96,3143.0,2742
00:58:22,ESX-FUTURE,3112.0,18,3112.0,2946
00:58:23,ESX-FUTURE,3112.0,335,3112.0,2629
00:58:23,SP-FUTURE,3143.0,2756,3143.0,82
00:58:24,SP-FUTURE,3143.0,909,3143.0,1929
00:58:24,ESX-FUTURE,3112.0,1260,3112.0,1704
00:58:24,SP-FUTURE,3142.0,2543,3142.0,295
00:58:25,ESX-FUTURE,3112.0,1274,3112.0,1690
00:58:26,SP-FUTURE,3142.0,2634,3142.0,204
00:58:26,SP-FUTURE,3142.0,2799,3142.0,39
00:58:27,SP-FUTURE,3142.0,2287,3142.0,551
00:58:27,ESX-FUTURE,3111.0,1659,3112.0,1305
00:58:28,ESX-FUTURE,3111.0,1070,3112.0,1894
00:58:28,SP-FUTURE,3142.0,639,3142.0,2199
00:58:28,SP-FUTURE,3142.0,2191,3142.0,647
00:58:29,ESX-FUTURE,3111.0,1287,3111.0,1677
00:58:29,SP-FUTURE,3142.0,2638,3142.0,200
00:58:30,ESX-FUTURE,3111.0,1289,3111.0,1675
00:58:31,SP-FUTURE,3142.0,2534,3142.0,304
00:58:31,ESX-FUTURE,3111.0,2933,3111.0,31
00:58:31,ESX-FUTURE,3111.0,2698,3111.0,266
00:58:32,SP-FUTURE,3142.0,2583,3142.0,255
00:58:32,ESX-FUTURE,3111.0,2779,3111.0,185
00:58:33,ESX-FUTURE,3110.0,174,3110.0,2790
00:58:34,SP-FUTURE,3142.0,2487,3142.0,351
00:58:34,ESX-FUTURE,3110.0,748,3110.0,2216
00:58:35,SP-FUTURE,3142.0,708,3143.0,2130
00:58:36,ESX-FUTURE,3110.0,2829,3110.0,135
00:58:36,SP-FUTURE,3142.0,171,3143.0,2667
00:58:37,SP-FUTURE,3142.0,1880,3142.0,958
00:58:37,ESX-FUTURE,3110.0,2309,3110.0,655
00:58:38,SP-FUTURE,3142.0,1352,3143.0,1486
00:58:39,ESX-FUTURE,3110.0,1096,3110.0,1868
00:58:39,SP-FUTURE,3142.0,1708,3143.0,1130
00:58:40,ESX-FUTURE,3110.0,158,3110.0,2806
00:58:40,SP-FUTURE,3142.0,2146,3143.0,692
00:58:41,ESX-FUTURE,3110.0,1823,3110.0,1141
00:58:41,SP-FUTURE,3143.0,3,3143.0,2835
00:58:41,ESX-FUTURE,3110.0,1868,3110.0,1096
00:58:42,SP-FUTURE,3143.0,511,3143.0,2327
00:58:43,ESX-FUTURE,3110.0,148,3110.0,2816
00:58:43,SP-FUTURE,3143.0,611,3143.0,2227
00:58:44,SP-FUTURE,3143.0,1024,3143.0,1814
00:58:44,ESX-FUTURE,3109.0,2261,3110.0,703
00:58:44,SP-FUTURE,3143.0,1017,3143.0,1821
00:58:45,SP-FUTURE,3143.0,1098,3143.0,1740
00:58:45,SP-FUTURE,3143.0,2674,3143.0,164
00:58:46,ESX-FUTURE,3109.0,2287,3110.0,677
00:58:46,SP-FUTURE,3143.0,2318,3143.0,520
00:58:46,ESX-FUTURE,3109.0,434,3110.0,2530
00:58:47,SP-FUTURE,3144.0,2788,3144.0,50
00:58:48,ESX-FUTURE,3109.0,483,3110.0,2481
00:58:48,SP-FUTURE,3144.0,2835,3144.0,3
00:58:49,SP-FUTURE,3144.0,2706,3144.0,132
00:58:49,ESX-FUTURE,3109.0,614,3110.0,2350
00:58:49,ESX-FUTURE,3109.0,631,3110.0,2333
00:58:50,SP-FUTURE,3144.0,1749,3144.0,1089
00:58:50,SP-FUTURE,3143.0,2640,3143.0,198
00:58:51,ESX-FUTURE,3109.0,2790,3109.0,174
00:58:52,ESX-FUTURE,3109.0,292,3109.0,2672
00:58:53,SP-FUTURE,3143.0,1455,3143.0,1383
00:58:53,ESX-FUTURE,3109.0,151,3109.0,2813
00:58:54,SP-FUTURE,3143.0,1651,3143.0,1187
00:58:54,ESX-FUTURE,3109.0,556,3109.0,2408
00:58:54,SP-FUTURE,3143.0,532,3143.0,2306
00:58:54,SP-FUTURE,3143.0,773,3143.0,2065
00:58:55,ESX-FUTURE,3109.0,1862,3109.0,1102
00:58:55,SP-FUTURE,3143.0,204,3143.0,2634
00:58:55,ESX-FUTURE,3109.0,1550,3109.0,1414
00:58:56,ESX-FUTURE,3109.0,1607,3109.0,1357
00:58:57,SP-FUTURE,3143.0,2801,3143.0,37
00:58:57,ESX-FUTURE,3109.0,1662,3109.0,1302
00:58:58,SP-FUTURE,3143.0,84,3143.0,2754
00:58:58,ESX-FUTURE,3109.0,2121,3109.0,843
00:58:59,SP-FUTURE,3143.0,89,3143.0,2749
00:58:59,ESX-FUTURE,3109.0,2079,3109.0,885
00:59:00,ESX-FUTURE,3109.0,1988,3109.0,976
00:59:00,ESX-FUTURE,3109.0,1673,3110.0,1291
00:59:00,SP-FUTURE,3143.0,91,3143.0,2747
00:59:01,ESX-FUTURE,3109.0,1588,3110.0,1376
00:59:02,SP-FUTURE,3142.0,559,3142.0,2279
00:59:02,ESX-FUTURE,3110.0,1488,3110.0,1476
00:59:03,SP-FUTURE,3141.0,1481,3141.0,1357
00:59:04,ESX-FUTURE,3110.0,526,3110.0,2438
00:59:05,ESX-FUTURE,3109.0,2828,3110.0,136
00:59:05,SP-FUTURE,3141.0,1527,3141.0,1311
00:59:05,SP-FUTURE,3141.0,1518,3141.0,1320
00:59:05,ESX-FUTURE,3109.0,2394,3110.0,570
00:59:06,ESX-FUTURE,3109.0,2312,3110.0,652
00:59:06,ESX-FUTURE,3108.0,631,3108.0,2333
00:59:07,SP-FUTURE,3141.0,1419,3141.0,1419
00:59:08,ESX-FUTURE,3108.0,1062,3108.0,1902
00:59:08,SP-FUTURE,3141.0,1225,3141.0,1613
00:59:08,ESX-FUTURE,3108.0,1553,3108.0,1411
00:59:09,SP-FUTURE,3141.0,1749,3141.0,1089
00:59:09,ESX-FUTURE,3108.0,856,3108.0,2108
00:59:09,SP-FUTURE,3141.0,1049,3141.0,1789
00:59:10,ESX-FUTURE,3108.0,825,3108.0,2139
00:59:11,ESX-FUTURE,3108.0,121,3108.0,2843
00:59:11,SP-FUTURE,3141.0,1716,3141.0,1122
00:59:12,SP-FUTURE,3141.0,2096,3141.0,742
00:59:13,ESX-FUTURE,3108.0,806,3108.0,2158
00:59:13,SP-FUTURE,3141.0,1785,3141.0,1053
00:59:14,ESX-FUTURE,3108.0,2709,3108.0,255
00:59:14,SP-FUTURE,3141.0,1891,3141.0,947
00:59:15,SP-FUTURE,3138.0,585,3138.0,2253
00:59:15,ESX-FUTURE,3108.0,2317,3108.0,647
00:59:16,SP-FUTURE,3137.0,2289,3137.0,549
00:59:16,ESX-FUTURE,3108.0,289,3108.0,2675
00:59:17,SP-FUTURE,3137.0,2143,3137.0,695
00:59:17,ESX-FUTURE,3108.0,276,3108.0,2688
00:59:17,ESX-FUTURE,3108.0,2729,3108.0,235
00:59:17,SP-FUTURE,3137.0,2034,3137.0,804
00:59:17,ESX-FUTURE,3108.0,1971,3108.0,993
00:59:17,SP-FUTURE,3137.0,1638,3137.0,1200
00:59:18,SP-FUTURE,3137.0,1707,3137.0,1131
00:59:19,ESX-FUTURE,3108.0,443,3108.0,2521
00:59:19,SP-FUTURE,3137.0,1928,3137.0,910
00:59:20,ESX-FUTURE,3108.0,744,3108.0,2220
00:59:21,ESX-FUTURE,3108.0,2556,3108.0,408
00:59:21,SP-FUTURE,3137.0,1576,3138.0,1262
00:59:22,ESX-FUTURE,3108.0,1423,3108.0,1541
00:59:23,SP-FUTURE,3137.0,2276,3137.0,562
00:59:24,ESX-FUTURE,3108.0,337,3109.0,2627
00:59:24,SP-FUTURE,3137.0,2574,3138.0,264
00:59:24,ESX-FUTURE,3108.0,380,3109.0,2584
00:59:25,SP-FUTURE,3137.0,2547,3138.0,291
00:59:25,ESX-FUTURE,3108.0,2173,3108.0,791
00:59:25,SP-FUTURE,3137.0,2586,3138.0,252
00:59:26,SP-FUTURE,3138.0,84,3138.0,2754
00:59:27,ESX-FUTURE,3108.0,2131,3108.0,833
00:59:27,SP-FUTURE,3138.0,1966,3138.0,872
00:59:27,ESX-FUTURE,3108.0,2230,3108.0,734
00:59:28,SP-FUTURE,3138.0,2150,3138.0,688
00:59:29,SP-FUTURE,3138.0,2218,3138.0,620
00:59:29,ESX-FUTURE,3108.0,421,3109.0,2543
00:59:29,ESX-FUTURE,3109.0,2542,3109.0,422
00:59:30,SP-FUTURE,3138.0,2339,3138.0,499
00:59:30,ESX-FUTURE,3109.0,2209,3109.0,755
00:59:31,ESX-FUTURE,3109.0,2125,3109.0,839
00:59:32,SP-FUTURE,3138.0,2527,3138.0,311
00:59:33,ESX-FUTURE,3109.0,1831,3109.0,1133
00:59:33,SP-FUTURE,3138.0,421,3138.0,2417
00:59:33,ESX-FUTURE,3109.0,928,3109.0,2036
00:59:34,SP-FUTURE,3138.0,1149,3138.0,1689
00:59:35,SP-FUTURE,3138.0,1035,3138.0,1803
00:59:35,ESX-FUTURE,3109.0,668,3110.0,2296
00:59:35,SP-FUTURE,3138.0,142,3138.0,2696
00:59:36,SP-FUTURE,3138.0,1039,3138.0,1799
00:59:37,ESX-FUTURE,3109.0,1557,3109.0,1407
00:59:37,SP-FUTURE,3137.0,2722,3137.0,116
00:59:38,ESX-FUTURE,3109.0,1627,3109.0,1337
00:59:39,ESX-FUTURE,3109.0,2767,3109.0,197
00:59:39,ESX-FUTURE,3109.0,2837,3109.0,127
00:59:40,SP-FUTURE,3137.0,90,3137.0,2748
00:59:40,ESX-FUTURE,3109.0,2819,3109.0,145
00:59:41,SP-FUTURE,3137.0,2145,3137.0,693
00:59:41,ESX-FUTURE,3109.0,2367,3109.0,597
00:59:42,ESX-FUTURE,3109.0,1466,3109.0,1498
00:59:42,SP-FUTURE,3137.0,591,3137.0,2247
00:59:43,ESX-FUTURE,3109.0,1139,3109.0,1825
00:59:43,SP-FUTURE,3137.0,425,3137.0,2413
00:59:43,ESX-FUTURE,3109.0,496,3109.0,2468
00:59:44,SP-FUTURE,3137.0,2815,3137.0,23
00:59:45,ESX-FUTURE,3109.0,503,3109.0,2461
00:59:45,SP-FUTURE,3137.0,1111,3137.0,1727
00:59:45,SP-FUTURE,3137.0,609,3137.0,2229
00:59:46,SP-FUTURE,3137.0,1610,3137.0,1228
00:59:47,ESX-FUTURE,3109.0,2464,3109.0,500
00:59:48,SP-FUTURE,3137.0,1742,3137.0,1096
00:59:49,ESX-FUTURE,3108.0,549,3109.0,2415
00:59:49,SP-FUTURE,3137.0,2773,3137.0,65
00:59:49,ESX-FUTURE,3108.0,552,3109.0,2412
00:59:50,SP-FUTURE,3138.0,2563,3138.0,275
00:59:51,ESX-FUTURE,3108.0,2050,3109.0,914
00:59:52,SP-FUTURE,3138.0,2559,3138.0,279
00:59:52,SP-FUTURE,3138.0,599,3138.0,2239
00:59:53,ESX-FUTURE,3108.0,2586,3109.0,378
00:59:54,SP-FUTURE,3138.0,665,3138.0,2173
00:59:54,ESX-FUTURE,3109.0,1173,3110.0,1791
00:59:55,SP-FUTURE,3138.0,1250,3138.0,1588
00:59:55,ESX-FUTURE,3109.0,2511,3110.0,453
00:59:56,SP-FUTURE,3137.0,2095,3137.0,743
00:59:57,ESX-FUTURE,3110.0,331,3110.0,2633
00:59:57,SP-FUTURE,3137.0,1607,3137.0,1231
00:59:58,ESX-FUTURE,3109.0,750,3110.0,2214
00:59:58,SP-FUTURE,3137.0,41,3137.0,2797
00:59:59,ESX-FUTURE,3109.0,688,3110.0,2276
01:00:00,ESX-FUTURE,3109.0,692,3110.0,2272
01:00:00,ESX-FUTURE,3109.0,677,3110.0,2287
01:00:00,SP-FUTURE,3137.0,2473,3137.0,365
01:00:02,SP-FUTURE,3137.0,2440,3137.0,398
01:00:02,ESX-FUTURE,3109.0,1590,3110.0,1374
01:00:02,SP-FUTURE,3137.0,2191,3137.0,647
01:00:03,SP-FUTURE,3139.0,558,3139.0,2280
01:00:03,ESX-FUTURE,3109.0,1097,3110.0,1867
01:00:04,ESX-FUTURE,3109.0,125,3110.0,2839
01:00:05,SP-FUTURE,3139.0,557,3139.0,2281
01:00:06,ESX-FUTURE,3109.0,2930,3109.0,34
01:00:07,SP-FUTURE,3139.0,572,3139.0,2266
01:00:07,ESX-FUTURE,3109.0,2714,3109.0,250
01:00:08,ESX-FUTURE,3109.0,2897,3109.0,67
01:00:08,ESX-FUTURE,3109.0,752,3110.0,2212
01:00:08,SP-FUTURE,3138.0,1724,3138.0,1114
01:00:09,ESX-FUTURE,3110.0,1039,3110.0,1925
01:00:10,SP-FUTURE,3138.0,2576,3138.0,262
01:00:10,ESX-FUTURE,3109.0,1962,3110.0,1002
01:00:11,ESX-FUTURE,3109.0,1084,3109.0,1880
01:00:11,SP-FUTURE,3138.0,1611,3138.0,1227
01:00:12,SP-FUTURE,3140.0,709,3141.0,2129
01:00:13,SP-FUTURE,3141.0,669,3141.0,2169
01:00:13,ESX-FUTURE,3109.0,906,3109.0,2058
01:00:14,SP-FUTURE,3141.0,2365,3141.0,473
01:00:14,ESX-FUTURE,3109.0,376,3109.0,2588
01:00:15,SP-FUTURE,3141.0,1394,3141.0,1444
01:00:16,ESX-FUTURE,3108.0,2541,3109.0,423
01:00:16,SP-FUTURE,3141.0,1697,3141.0,1141
01:00:17,SP-FUTURE,3141.0,2371,3141.0,467
01:00:17,ESX-FUTURE,3108.0,2733,3109.0,231
01:00:17,SP-FUTURE,3141.0,2759,3141.0,79
01:00:18,ESX-FUTURE,3108.0,2890,3109.0,74
01:00:18,SP-FUTURE,3141.0,2354,3141.0,484
01:00:19,ESX-FUTURE,3108.0,2453,3108.0,511
01:00:19,SP-FUTURE,3141.0,1004,3141.0,1834
01:00:21,ESX-FUTURE,3109.0,1155,3109.0,1809
01:00:21,SP-FUTURE,3141.0,1485,3141.0,1353
01:00:22,SP-FUTURE,3142.0,1261,3142.0,1577
01:00:22,ESX-FUTURE,3108.0,2849,3108.0,115
01:00:24,SP-FUTURE,3142.0,1288,3142.0,1550
01:00:24,ESX-FUTURE,3108.0,236,3109.0,2728
01:00:25,ESX-FUTURE,3109.0,2503,3109.0,461
01:00:25,SP-FUTURE,3142.0,1179,3142.0,1659
01:00:25,SP-FUTURE,3142.0,2004,3142.0,834
01:00:26,ESX-FUTURE,3107.0,2368,3107.0,596
01:00:26,SP-FUTURE,3140.0,2565,3140.0,273
01:00:26,ESX-FUTURE,3107.0,2252,3107.0,712
01:00:26,SP-FUTURE,3140.0,515,3140.0,2323
01:00:27,SP-FUTURE,3140.0,1530,3140.0,1308
01:00:28,ESX-FUTURE,3107.0,888,3107.0,2076
01:00:28,ESX-FUTURE,3108.0,1664,3109.0,1300
01:00:28,SP-FUTURE,3141.0,1131,3141.0,1707
01:00:28,ESX-FUTURE,3110.0,1242,3110.0,1722
01:00:29,SP-FUTURE,3141.0,1762,3141.0,1076
01:00:29,ESX-FUTURE,3108.0,571,3108.0,2393
01:00:30,ESX-FUTURE,3109.0,1651,3109.0,1313
01:00:30,SP-FUTURE,3140.0,467,3140.0,2371
01:00:31,ESX-FUTURE,3109.0,575,3109.0,2389
01:00:32,ESX-FUTURE,3109.0,1988,3109.0,976
01:00:32,SP-FUTURE,3140.0,1791,3140.0,1047
01:00:32,SP-FUTURE,3140.0,2015,3140.0,823
01:00:33,ESX-FUTURE,3109.0,2462,3109.0,502
01:00:33,SP-FUTURE,3139.0,999,3140.0,1839
01:00:34,ESX-FUTURE,3109.0,1350,3109.0,1614
01:00:35,ESX-FUTURE,3109.0,408,3109.0,2556
01:00:35,SP-FUTURE,3139.0,1484,3140.0,1354
01:00:35,ESX-FUTURE,3109.0,577,3109.0,2387
01:00:36,ESX-FUTURE,3109.0,182,3110.0,2782
01:00:36,SP-FUTURE,3139.0,1272,3140.0,1566
01:00:37,SP-FUTURE,3139.0,1275,3140.0,1563
01:00:37,ESX-FUTURE,3109.0,2916,3109.0,48
01:00:38,SP-FUTURE,3139.0,1367,3140.0,1471
01:00:39,ESX-FUTURE,3110.0,1288,3110.0,1676
01:00:39,ESX-FUTURE,3110.0,1449,3110.0,1515
01:00:40,SP-FUTURE,3139.0,64,3140.0,2774
01:00:40,ESX-FUTURE,3110.0,1390,3110.0,1574
01:00:41,SP-FUTURE,3138.0,2745,3139.0,93
01:00:41,ESX-FUTURE,3110.0,2794,3110.0,170
01:00:42,SP-FUTURE,3138.0,875,3139.0,1963
01:00:42,ESX-FUTURE,3110.0,925,3110.0,2039
01:00:43,SP-FUTURE,3139.0,2017,3139.0,821
01:00:43,ESX-FUTURE,3110.0,1780,3110.0,1184
01:00:44,SP-FUTURE,3139.0,1385,3139.0,1453
01:00:44,ESX-FUTURE,3110.0,1569,3110.0,1395
01:00:45,SP-FUTURE,3139.0,2717,3139.0,121
01:00:46,ESX-FUTURE,3110.0,1391,3110.0,1573
01:00:46,SP-FUTURE,3138.0,1226,3138.0,1612
01:00:47,ESX-FUTURE,3109.0,2413,3109.0,551
01:00:47,ESX-FUTURE,3110.0,1906,3111.0,1058
01:00:48,SP-FUTURE,3138.0,2803,3138.0,35
01:00:48,ESX-FUTURE,3110.0,1602,3111.0,1362
01:00:48,ESX-FUTURE,3110.0,1622,3111.0,1342
01:00:48,SP-FUTURE,3137.0,25,3137.0,2813
01:00:49,ESX-FUTURE,3110.0,1611,3111.0,1353
01:00:49,ESX-FUTURE,3111.0,1597,3111.0,1367
01:00:50,SP-FUTURE,3135.0,1482,3135.0,1356
01:00:50,ESX-FUTURE,3111.0,1957,3111.0,1007
01:00:51,ESX-FUTURE,3111.0,2009,3111.0,955
01:00:51,SP-FUTURE,3134.0,411,3135.0,2427
01:00:52,ESX-FUTURE,3111.0,159,3111.0,2805
01:00:52,SP-FUTURE,3134.0,338,3135.0,2500
01:00:53,ESX-FUTURE,3111.0,495,3112.0,2469
01:00:53,ESX-FUTURE,3112.0,2179,3112.0,785
01:00:53,SP-FUTURE,3134.0,227,3135.0,2611
01:00:54,SP-FUTURE,3134.0,2232,3134.0,606
01:00:54,SP-FUTURE,3134.0,2217,3135.0,621
01:00:55,ESX-FUTURE,3111.0,2866,3112.0,98
01:00:55,SP-FUTURE,3134.0,2108,3135.0,730
01:00:55,ESX-FUTURE,3111.0,2226,3112.0,738
01:00:56,ESX-FUTURE,3109.0,1230,3109.0,1734
01:00:56,SP-FUTURE,3134.0,2718,3135.0,120
01:00:57,ESX-FUTURE,3109.0,2387,3109.0,577
01:00:57,SP-FUTURE,3135.0,8,3135.0,2830
01:00:58,ESX-FUTURE,3109.0,2395,3109.0,569
01:00:59,SP-FUTURE,3134.0,2669,3134.0,169
01:00:59,ESX-FUTURE,3109.0,2397,3109.0,567
01:01:00,ESX-FUTURE,3109.0,2332,3109.0,632
01:01:00,SP-FUTURE,3134.0,2819,3134.0,19
01:01:01,SP-FUTURE,3134.0,70,3135.0,2768
01:01:01,ESX-FUTURE,3109.0,2306,3109.0,658
01:01:02,SP-FUTURE,3134.0,423,3135.0,2415
01:01:02,SP-FUTURE,3134.0,1064,3134.0,1774
01:01:02,ESX-FUTURE,3109.0,961,3109.0,2003
01:01:03,SP-FUTURE,3134.0,12,3134.0,2826
01:01:04,ESX-FUTURE,3109.0,958,3109.0,2006
01:01:04,SP-FUTURE,3134.0,2248,3134.0,590
01:01:05,ESX-FUTURE,3109.0,1286,3109.0,1678
01:01:05,SP-FUTURE,3134.0,1081,3134.0,1757
01:01:06,SP-FUTURE,3134.0,160,3134.0,2678
01:01:06,ESX-FUTURE,3109.0,2034,3109.0,930
01:01:06,ESX-FUTURE,3109.0,1645,3109.0,1319
01:01:07,SP-FUTURE,3134.0,15,3134.0,2823
01:01:07,ESX-FUTURE,3109.0,1643,3109.0,1321
01:01:08,ESX-FUTURE,3109.0,1719,3109.0,1245
01:01:08,SP-FUTURE,3133.0,1991,3134.0,847
01:01:09,ESX-FUTURE,3107.0,1143,3108.0,1821
01:01:09,SP-FUTURE,3133.0,1882,3134.0,956
01:01:10,ESX-FUTURE,3107.0,1414,3108.0,1550
01:01:11,SP-FUTURE,3133.0,1657,3133.0,1181
01:01:11,ESX-FUTURE,3108.0,814,3108.0,2150
01:01:12,SP-FUTURE,3133.0,1467,3133.0,1371
01:01:13,SP-FUTURE,3133.0,1336,3133.0,1502
01:01:13,ESX-FUTURE,3108.0,2949,3108.0,15
01:01:14,SP-FUTURE,3133.0,89,3133.0,2749
01:01:15,ESX-FUTURE,3108.0,2939,3108.0,25
01:01:15,SP-FUTURE,3133.0,90,3133.0,2748
01:01:16,ESX-FUTURE,3108.0,1542,3108.0,1422
01:01:16,SP-FUTURE,3133.0,1890,3133.0,948
01:01:17,ESX-FUTURE,3108.0,113,3108.0,2851
01:01:17,SP-FUTURE,3133.0,1769,3133.0,1069
01:01:18,ESX-FUTURE,3108.0,411,3108.0,2553
01:01:19,SP-FUTURE,3133.0,997,3133.0,1841
01:01:19,ESX-FUTURE,3108.0,411,3108.0,2553
01:01:20,ESX-FUTURE,3108.0,2638,3108.0,326
01:01:20,SP-FUTURE,3133.0,987,3133.0,1851
01:01:21,ESX-FUTURE,3108.0,1570,3108.0,1394
01:01:21,ESX-FUTURE,3107.0,2495,3108.0,469
01:01:21,SP-FUTURE,3133.0,1168,3133.0,1670
01:01:21,ESX-FUTURE,3109.0,2335,3109.0,629
01:01:22,SP-FUTURE,3133.0,493,3133.0,2345
01:01:22,ESX-FUTURE,3109.0,2246,3109.0,718
01:01:23,SP-FUTURE,3133.0,862,3133.0,1976
01:01:23,ESX-FUTURE,3108.0,912,3109.0,2052
01:01:24,SP-FUTURE,3133.0,1846,3133.0,992
01:01:24,ESX-FUTURE,3108.0,326,3109.0,2638
01:01:26,SP-FUTURE,3133.0,1080,3133.0,1758
01:01:26,ESX-FUTURE,3109.0,2463,3109.0,501
01:01:27,ESX-FUTURE,3108.0,1569,3109.0,1395
01:01:27,SP-FUTURE,3132.0,2799,3132.0,39
01:01:28,ESX-FUTURE,3108.0,2589,3108.0,375
01:01:28,SP-FUTURE,3131.0,472,3132.0,2366
01:01:29,ESX-FUTURE,3108.0,1848,3108.0,1116
01:01:30,SP-FUTURE,3130.0,1881,3131.0,957
01:01:30,ESX-FUTURE,3108.0,2708,3108.0,256
01:01:30,SP-FUTURE,3130.0,1990,3131.0,848
01:01:31,ESX-FUTURE,3108.0,2909,3108.0,55
01:01:31,ESX-FUTURE,3108.0,2880,3108.0,84
01:01:31,SP-FUTURE,3130.0,585,3131.0,2253
01:01:32,ESX-FUTURE,3108.0,2363,3109.0,601
01:01:33,SP-FUTURE,3130.0,540,3131.0,2298
01:01:34,ESX-FUTURE,3109.0,2011,3109.0,953
01:01:34,SP-FUTURE,3131.0,1713,3131.0,1125
01:01:35,SP-FUTURE,3130.0,511,3131.0,2327
01:01:35,ESX-FUTURE,3109.0,2164,3109.0,800
01:01:37,ESX-FUTURE,3109.0,337,3109.0,2627
01:01:37,SP-FUTURE,3130.0,687,3131.0,2151
01:01:38,SP-FUTURE,3130.0,2750,3130.0,88
01:01:38,ESX-FUTURE,3109.0,2794,3109.0,170
01:01:39,SP-FUTURE,3130.0,2767,3130.0,71
01:01:39,ESX-FUTURE,3109.0,2840,3109.0,124
01:01:39,SP-FUTURE,3130.0,2496,3130.0,342
01:01:40,ESX-FUTURE,3109.0,2845,3109.0,119
01:01:41,ESX-FUTURE,3109.0,2747,3109.0,217
01:01:41,SP-FUTURE,3130.0,2486,3130.0,352
01:01:41,SP-FUTURE,3130.0,2278,3130.0,560
01:01:42,ESX-FUTURE,3108.0,1882,3109.0,1082
01:01:43,SP-FUTURE,3130.0,2030,3130.0,808
01:01:43,ESX-FUTURE,3109.0,558,3109.0,2406
01:01:44,SP-FUTURE,3130.0,2539,3130.0,299
01:01:44,ESX-FUTURE,3109.0,2910,3109.0,54
01:01:45,ESX-FUTURE,3109.0,1465,3109.0,1499
01:01:45,SP-FUTURE,3130.0,2439,3130.0,399
01:01:46,ESX-FUTURE,3109.0,1729,3109.0,1235
01:01:46,ESX-FUTURE,3109.0,1405,3109.0,1559
01:01:46,SP-FUTURE,3130.0,2184,3130.0,654
01:01:47,ESX-FUTURE,3109.0,1853,3109.0,1111
01:01:48,SP-FUTURE,3130.0,498,3130.0,2340
01:01:49,ESX-FUTURE,3109.0,2795,3109.0,169
01:01:49,SP-FUTURE,3130.0,822,3130.0,2016
01:01:49,ESX-FUTURE,3109.0,306,3110.0,2658
01:01:50,ESX-FUTURE,3109.0,720,3109.0,2244
01:01:50,ESX-FUTURE,3109.0,2209,3109.0,755
01:01:50,SP-FUTURE,3130.0,1629,3130.0,1209
01:01:51,ESX-FUTURE,3109.0,2210,3109.0,754
01:01:52,SP-FUTURE,3130.0,737,3130.0,2101
01:01:52,ESX-FUTURE,3109.0,1623,3109.0,1341
01:01:52,SP-FUTURE,3129.0,2701,3130.0,137
01:01:53,ESX-FUTURE,3109.0,1172,3109.0,1792
01:01:54,SP-FUTURE,3129.0,1839,3130.0,999
01:01:55,ESX-FUTURE,3108.0,1731,3108.0,1233
01:01:56,SP-FUTURE,3129.0,2645,3129.0,193
01:01:56,ESX-FUTURE,3108.0,1717,3108.0,1247
01:01:57,ESX-FUTURE,3108.0,1898,3108.0,1066
01:01:57,SP-FUTURE,3129.0,1341,3129.0,1497
01:01:58,ESX-FUTURE,3108.0,1499,3108.0,1465
01:01:58,ESX-FUTURE,3108.0,1515,3108.0,1449
01:01:58,SP-FUTURE,3128.0,2734,3129.0,104
01:01:59,SP-FUTURE,3128.0,2526,3129.0,312
01:01:59,ESX-FUTURE,3107.0,204,3108.0,2760
01:01:59,SP-FUTURE,3128.0,2515,3129.0,323
01:02:00,ESX-FUTURE,3107.0,241,3108.0,2723
01:02:00,SP-FUTURE,3128.0,2258,3129.0,580
01:02:02,ESX-FUTURE,3107.0,257,3108.0,2707
01:02:02,SP-FUTURE,3128.0,1707,3129.0,1131
01:02:02,SP-FUTURE,3128.0,1484,3129.0,1354
01:02:03,ESX-FUTURE,3107.0,1602,3108.0,1362
01:02:04,SP-FUTURE,3128.0,1218,3129.0,1620
01:02:04,ESX-FUTURE,3106.0,2409,3106.0,555
01:02:05,ESX-FUTURE,3106.0,2673,3106.0,291
01:02:06,SP-FUTURE,3128.0,1157,3129.0,1681
01:02:06,SP-FUTURE,3128.0,626,3129.0,2212
01:02:06,ESX-FUTURE,3106.0,2620,3106.0,344
01:02:07,SP-FUTURE,3128.0,1695,3129.0,1143
01:02:08,ESX-FUTURE,3106.0,721,3106.0,2243
01:02:10,SP-FUTURE,3129.0,1304,3129.0,1534
01:02:10,ESX-FUTURE,3106.0,910,3106.0,2054
01:02:10,SP-FUTURE,3129.0,1312,3129.0,1526
01:02:10,SP-FUTURE,3129.0,716,3129.0,2122
01:02:11,SP-FUTURE,3128.0,2011,3129.0,827
01:02:11,ESX-FUTURE,3105.0,986,3105.0,1978
01:02:12,ESX-FUTURE,3106.0,782,3106.0,2182
01:02:12,SP-FUTURE,3128.0,2738,3129.0,100
01:02:12,ESX-FUTURE,3106.0,855,3106.0,2109
01:02:12,SP-FUTURE,3129.0,2649,3129.0,189
01:02:13,ESX-FUTURE,3105.0,2386,3106.0,578
01:02:14,SP-FUTURE,3129.0,857,3129.0,1981
01:02:14,ESX-FUTURE,3106.0,442,3106.0,2522
01:02:14,SP-FUTURE,3129.0,2519,3129.0,319
01:02:15,ESX-FUTURE,3106.0,654,3106.0,2310
01:02:16,SP-FUTURE,3129.0,751,3129.0,2087
01:02:16,ESX-FUTURE,3105.0,2334,3106.0,630
01:02:17,SP-FUTURE,3128.0,1073,3128.0,1765
01:02:17,ESX-FUTURE,3106.0,520,3106.0,2444
01:02:18,SP-FUTURE,3128.0,1100,3128.0,1738
01:02:19,ESX-FUTURE,3106.0,97,3107.0,2867
01:02:19,SP-FUTURE,3128.0,176,3129.0,2662
01:02:20,ESX-FUTURE,3106.0,2735,3106.0,229
01:02:20,ESX-FUTURE,3106.0,2710,3106.0,254
01:02:20,SP-FUTURE,3128.0,343,3129.0,2495
01:02:21,ESX-FUTURE,3106.0,2076,3106.0,888
01:02:22,SP-FUTURE,3128.0,1676,3128.0,1162
01:02:22,ESX-FUTURE,3107.0,2309,3107.0,655
01:02:22,ESX-FUTURE,3107.0,114,3107.0,2850
01:02:22,SP-FUTURE,3128.0,2152,3128.0,686
01:02:23,SP-FUTURE,3128.0,2232,3128.0,606
01:02:23,ESX-FUTURE,3107.0,1693,3107.0,1271
01:02:23,SP-FUTURE,3128.0,739,3128.0,2099
01:02:23,SP-FUTURE,3128.0,2426,3128.0,412
01:02:24,ESX-FUTURE,3107.0,779,3107.0,2185
01:02:25,SP-FUTURE,3128.0,2360,3128.0,478
01:02:26,ESX-FUTURE,3107.0,538,3107.0,2426
01:02:27,SP-FUTURE,3128.0,2792,3128.0,46
01:02:27,ESX-FUTURE,3107.0,546,3107.0,2418
01:02:28,SP-FUTURE,3128.0,997,3129.0,1841
01:02:29,SP-FUTURE,3128.0,977,3129.0,1861
01:02:29,ESX-FUTURE,3107.0,2554,3107.0,410
01:02:30,SP-FUTURE,3128.0,2655,3128.0,183
01:02:31,ESX-FUTURE,3107.0,1646,3107.0,1318
01:02:31,SP-FUTURE,3127.0,2325,3127.0,513
01:02:31,SP-FUTURE,3128.0,1316,3128.0,1522
01:02:32,ESX-FUTURE,3107.0,1596,3107.0,1368
01:02:32,SP-FUTURE,3128.0,2584,3128.0,254
01:02:32,SP-FUTURE,3129.0,850,3130.0,1988
01:02:33,SP-FUTURE,3130.0,443,3130.0,2395
01:02:33,ESX-FUTURE,3107.0,775,3107.0,2189
01:02:34,SP-FUTURE,3129.0,1229,3129.0,1609
01:02:34,ESX-FUTURE,3107.0,2915,3108.0,49
01:02:35,ESX-FUTURE,3109.0,482,3110.0,2482
01:02:35,SP-FUTURE,3129.0,1562,3129.0,1276
01:02:36,SP-FUTURE,3129.0,1343,3129.0,1495
01:02:36,ESX-FUTURE,3109.0,2313,3109.0,651
01:02:37,SP-FUTURE,3129.0,875,3129.0,1963
01:02:38,SP-FUTURE,3129.0,1988,3129.0,850
01:02:38,ESX-FUTURE,3109.0,1784,3109.0,1180
01:02:39,ESX-FUTURE,3109.0,1690,3109.0,1274
01:02:39,SP-FUTURE,3130.0,618,3130.0,2220
01:02:40,ESX-FUTURE,3109.0,1990,3109.0,974
01:02:40,SP-FUTURE,3130.0,104,3130.0,2734
01:02:40,ESX-FUTURE,3109.0,2145,3109.0,819
01:02:41,SP-FUTURE,3130.0,1003,3130.0,1835
01:02:41,ESX-FUTURE,3109.0,150,3110.0,2814
01:02:42,SP-FUTURE,3130.0,804,3130.0,2034
01:02:43,ESX-FUTURE,3109.0,1469,3109.0,1495
01:02:43,SP-FUTURE,3129.0,814,3129.0,2024
01:02:43,SP-FUTURE,3129.0,391,3129.0,2447
01:02:44,ESX-FUTURE,3109.0,562,3109.0,2402
01:02:45,SP-FUTURE,3129.0,361,3129.0,2477
01:02:45,ESX-FUTURE,3109.0,304,3109.0,2660
01:02:45,SP-FUTURE,3129.0,903,3129.0,1935
01:02:46,ESX-FUTURE,3110.0,1285,3110.0,1679
01:02:46,ESX-FUTURE,3110.0,2032,3110.0,932
01:02:47,SP-FUTURE,3129.0,1206,3129.0,1632
01:02:47,ESX-FUTURE,3110.0,279,3110.0,2685
01:02:47,ESX-FUTURE,3109.0,1689,3110.0,1275
01:02:47,SP-FUTURE,3128.0,1612,3129.0,1226
01:02:48,ESX-FUTURE,3109.0,654,3110.0,2310
01:02:49,SP-FUTURE,3128.0,1795,3129.0,1043
01:02:49,SP-FUTURE,3128.0,1602,3129.0,1236
01:02:50,ESX-FUTURE,3109.0,2230,3109.0,734
01:02:51,SP-FUTURE,3129.0,1933,3129.0,905
01:02:51,SP-FUTURE,3128.0,1141,3128.0,1697
01:02:51,SP-FUTURE,3129.0,1472,3129.0,1366
01:02:52,ESX-FUTURE,3109.0,1773,3109.0,1191
01:02:53,SP-FUTURE,3129.0,1291,3129.0,1547
01:02:53,ESX-FUTURE,3109.0,2054,3109.0,910
01:02:54,SP-FUTURE,3129.0,267,3129.0,2571
01:02:55,ESX-FUTURE,3109.0,160,3109.0,2804
01:02:55,SP-FUTURE,3129.0,2728,3129.0,110
01:02:56,ESX-FUTURE,3109.0,149,3109.0,2815
01:02:57,SP-FUTURE,3129.0,2304,3129.0,534
01:02:57,SP-FUTURE,3130.0,2147,3130.0,691
01:02:58,ESX-FUTURE,3109.0,857,3109.0,2107
01:02:58,ESX-FUTURE,3109.0,2325,3109.0,639
01:02:59,SP-FUTURE,3127.0,2334,3127.0,504
01:02:59,ESX-FUTURE,3109.0,2752,3109.0,212
01:03:00,SP-FUTURE,3127.0,1449,3127.0,1389
01:03:00,ESX-FUTURE,3109.0,1036,3109.0,1928
01:03:00,ESX-FUTURE,3109.0,509,3109.0,2455
01:03:00,SP-FUTURE,3127.0,1065,3127.0,1773
01:03:01,ESX-FUTURE,3108.0,2881,3109.0,83
01:03:01,SP-FUTURE,3127.0,1899,3127.0,939
01:03:03,SP-FUTURE,3127.0,1064,3127.0,1774
01:03:03,ESX-FUTURE,3109.0,1581,3110.0,1383
01:03:04,SP-FUTURE,3127.0,2762,3127.0,76
01:03:05,ESX-FUTURE,3109.0,1602,3110.0,1362
01:03:05,SP-FUTURE,3127.0,2163,3127.0,675
01:03:06,SP-FUTURE,3127.0,1663,3128.0,1175
01:03:07,ESX-FUTURE,3110.0,822,3110.0,2142
01:03:07,SP-FUTURE,3127.0,2263,3127.0,575
01:03:08,ESX-FUTURE,3110.0,1862,3110.0,1102
01:03:08,ESX-FUTURE,3110.0,582,3110.0,2382
01:03:08,SP-FUTURE,3127.0,2504,3127.0,334
01:03:09,ESX-FUTURE,3110.0,128,3110.0,2836
01:03:10,SP-FUTURE,3127.0,686,3128.0,2152
01:03:10,ESX-FUTURE,3110.0,1730,3110.0,1234
01:03:11,ESX-FUTURE,3110.0,2407,3110.0,557
01:03:11,SP-FUTURE,3127.0,1006,3128.0,1832
01:03:11,SP-FUTURE,3125.0,358,3125.0,2480
01:03:12,ESX-FUTURE,3110.0,1401,3110.0,1563
01:03:12,ESX-FUTURE,3110.0,1313,3110.0,1651
01:03:12,ESX-FUTURE,3110.0,1342,3110.0,1622
01:03:12,SP-FUTURE,3125.0,953,3125.0,1885
01:03:14,ESX-FUTURE,3110.0,601,3110.0,2363
01:03:14,SP-FUTURE,3125.0,2046,3125.0,792
01:03:14,SP-FUTURE,3125.0,2507,3126.0,331
01:03:15,ESX-FUTURE,3110.0,987,3110.0,1977
01:03:16,SP-FUTURE,3125.0,640,3126.0,2198
01:03:16,ESX-FUTURE,3111.0,30,3111.0,2934
01:03:17,SP-FUTURE,3125.0,636,3126.0,2202
01:03:17,ESX-FUTURE,3111.0,2912,3111.0,52
01:03:17,ESX-FUTURE,3111.0,318,3112.0,2646
01:03:18,SP-FUTURE,3125.0,2212,3126.0,626
01:03:19,SP-FUTURE,3125.0,2205,3126.0,633
01:03:19,SP-FUTURE,3126.0,2201,3126.0,637
01:03:19,ESX-FUTURE,3111.0,303,3112.0,2661
01:03:20,ESX-FUTURE,3111.0,2850,3111.0,114
01:03:20,SP-FUTURE,3126.0,2565,3126.0,273
01:03:21,SP-FUTURE,3126.0,2796,3126.0,42
01:03:21,ESX-FUTURE,3107.0,2607,3107.0,357
01:03:22,ESX-FUTURE,3107.0,2623,3107.0,341
01:03:22,SP-FUTURE,3126.0,2809,3126.0,29
01:03:23,ESX-FUTURE,3107.0,1918,3107.0,1046
01:03:24,ESX-FUTURE,3107.0,1500,3107.0,1464
01:03:25,SP-FUTURE,3124.0,1819,3125.0,1019
01:03:25,SP-FUTURE,3124.0,1771,3125.0,1067
01:03:25,SP-FUTURE,3124.0,1636,3124.0,1202
01:03:26,ESX-FUTURE,3106.0,1394,3106.0,1570
01:03:26,SP-FUTURE,3124.0,1892,3124.0,946
01:03:27,ESX-FUTURE,3106.0,2935,3106.0,29
01:03:27,SP-FUTURE,3124.0,1894,3124.0,944
01:03:28,ESX-FUTURE,3105.0,2513,3105.0,451
01:03:28,ESX-FUTURE,3105.0,1976,3106.0,988
01:03:28,SP-FUTURE,3124.0,1390,3124.0,1448
01:03:29,ESX-FUTURE,3106.0,2858,3106.0,106
01:03:30,SP-FUTURE,3124.0,1908,3124.0,930
01:03:31,ESX-FUTURE,3106.0,49,3106.0,2915
01:03:31,ESX-FUTURE,3106.0,60,3106.0,2904
01:03:32,SP-FUTURE,3124.0,1893,3124.0,945
01:03:32,SP-FUTURE,3124.0,1883,3124.0,955
01:03:32,ESX-FUTURE,3107.0,895,3107.0,2069
01:03:33,ESX-FUTURE,3106.0,2963,3107.0,2
01:03:33,ESX-FUTURE,3106.0,2963,3107.0,2
01:03:34,SP-FUTURE,3124.0,1883,3124.0,955
01:03:35,ESX-FUTURE,3106.0,723,3107.0,2242
01:03:35,SP-FUTURE,3124.0,1838,3124.0,1000
01:03:36,ESX-FUTURE,3106.0,1784,3106.0,1181
01:03:36,SP-FUTURE,3124.0,1729,3124.0,1109
01:03:37,ESX-FUTURE,3105.0,1806,3105.0,1159
01:03:37,SP-FUTURE,3124.0,1640,3124.0,1198
01:03:38,SP-FUTURE,3124.0,86,3124.0,2752
01:03:38,SP-FUTURE,3121.0,2437,3122.0,401
01:03:39,ESX-FUTURE,3105.0,730,3105.0,2235
01:03:40,SP-FUTURE,3121.0,2164,3122.0,674
01:03:40,SP-FUTURE,3122.0,445,3122.0,2393
01:03:41,SP-FUTURE,3122.0,398,3122.0,2440
01:03:41,ESX-FUTURE,3105.0,370,3105.0,2595
01:03:41,SP-FUTURE,3122.0,2713,3122.0,125
01:03:42,SP-FUTURE,3122.0,792,3122.0,2046
01:03:42,ESX-FUTURE,3106.0,1153,3106.0,1812
01:03:43,SP-FUTURE,3123.0,349,3123.0,2489
01:03:43,ESX-FUTURE,3107.0,734,3107.0,2231
01:03:44,SP-FUTURE,3123.0,295,3123.0,2543
01:03:44,ESX-FUTURE,3110.0,1424,3110.0,1541
01:03:45,SP-FUTURE,3123.0,2493,3123.0,345
01:03:45,ESX-FUTURE,3110.0,556,3110.0,2409
01:03:45,SP-FUTURE,3123.0,2402,3123.0,436
01:03:46,SP-FUTURE,3123.0,2008,3123.0,830
01:03:46,ESX-FUTURE,3110.0,2294,3110.0,671
01:03:46,SP-FUTURE,3123.0,2309,3123.0,529
01:03:47,ESX-FUTURE,3110.0,2463,3110.0,502
01:03:47,SP-FUTURE,3123.0,2392,3123.0,446
01:03:48,SP-FUTURE,3123.0,324,3123.0,2514
01:03:48,ESX-FUTURE,3111.0,250,3111.0,2715
01:03:49,SP-FUTURE,3123.0,838,3123.0,2000
01:03:50,SP-FUTURE,3123.0,661,3123.0,2177
01:03:50,ESX-FUTURE,3111.0,962,3111.0,2003
01:03:50,SP-FUTURE,3125.0,2205,3125.0,633
01:03:51,ESX-FUTURE,3111.0,1333,3111.0,1632
01:03:52,ESX-FUTURE,3110.0,1584,3111.0,1381
01:03:52,SP-FUTURE,3126.0,704,3126.0,2134
01:03:53,SP-FUTURE,3126.0,585,3126.0,2253
01:03:53,ESX-FUTURE,3110.0,1699,3111.0,1266
01:03:53,SP-FUTURE,3126.0,1246,3126.0,1592
01:03:53,ESX-FUTURE,3110.0,1670,3111.0,1295
01:03:54,SP-FUTURE,3126.0,59,3126.0,2779
01:03:55,ESX-FUTURE,3110.0,2532,3111.0,433
01:03:55,SP-FUTURE,3126.0,1086,3126.0,1752
01:03:56,ESX-FUTURE,3110.0,1790,3111.0,1175
01:03:56,ESX-FUTURE,3110.0,2027,3110.0,938
01:03:57,SP-FUTURE,3126.0,554,3126.0,2284
01:03:58,SP-FUTURE,3126.0,698,3126.0,2140
01:03:58,ESX-FUTURE,3109.0,1881,3110.0,1084
01:03:59,SP-FUTURE,3126.0,54,3126.0,2784
01:04:00,ESX-FUTURE,3109.0,1828,3110.0,1137
01:04:00,SP-FUTURE,3126.0,97,3126.0,2741
01:04:00,ESX-FUTURE,3109.0,1740,3110.0,1225
01:04:01,SP-FUTURE,3126.0,701,3126.0,2137
01:04:01,ESX-FUTURE,3109.0,1735,3110.0,1230
01:04:02,SP-FUTURE,3126.0,525,3126.0,2313
01:04:02,ESX-FUTURE,3112.0,2813,3113.0,152
01:04:03,ESX-FUTURE,3112.0,1398,3113.0,1567
01:04:04,SP-FUTURE,3126.0,2412,3126.0,426
01:04:05,ESX-FUTURE,3111.0,2611,3111.0,354
01:04:05,SP-FUTURE,3126.0,396,3126.0,2442
01:04:06,SP-FUTURE,3126.0,419,3126.0,2419
01:04:06,ESX-FUTURE,3111.0,778,3111.0,2187
01:04:07,SP-FUTURE,3126.0,2232,3126.0,606
01:04:07,ESX-FUTURE,3108.0,1601,3108.0,1364
01:04:08,SP-FUTURE,3126.0,2106,3126.0,732
01:04:08,ESX-FUTURE,3108.0,2888,3108.0,77
01:04:09,SP-FUTURE,3126.0,1963,3126.0,875
01:04:10,ESX-FUTURE,3108.0,1419,3108.0,1546
01:04:10,SP-FUTURE,3126.0,2710,3126.0,128
01:04:11,ESX-FUTURE,3108.0,1762,3108.0,1203
01:04:11,ESX-FUTURE,3108.0,1840,3108.0,1125
01:04:11,SP-FUTURE,3126.0,1041,3127.0,1797
01:04:13,ESX-FUTURE,3108.0,1596,3108.0,1369
01:04:13,SP-FUTURE,3126.0,2322,3126.0,516
01:04:14,SP-FUTURE,3126.0,2774,3126.0,64
01:04:14,ESX-FUTURE,3107.0,2090,3108.0,875
01:04:15,SP-FUTURE,3126.0,2792,3126.0,46
01:04:16,ESX-FUTURE,3107.0,1837,3107.0,1128
01:04:17,SP-FUTURE,3126.0,1675,3127.0,1163
01:04:17,ESX-FUTURE,3107.0,1965,3108.0,1000
01:04:18,SP-FUTURE,3127.0,601,3127.0,2237
01:04:18,ESX-FUTURE,3107.0,2655,3107.0,310
01:04:18,ESX-FUTURE,3107.0,2478,3107.0,487
01:04:19,SP-FUTURE,3126.0,1282,3126.0,1556
01:04:19,SP-FUTURE,3125.0,1922,3126.0,916
01:04:19,ESX-FUTURE,3106.0,685,3106.0,2280
01:04:19,SP-FUTURE,3127.0,2523,3127.0,315
01:04:20,SP-FUTURE,3127.0,1801,3127.0,1037
01:04:21,ESX-FUTURE,3103.0,2790,3104.0,175
01:04:21,SP-FUTURE,3127.0,2065,3127.0,773
01:04:22,ESX-FUTURE,3103.0,2722,3103.0,243
01:04:22,SP-FUTURE,3127.0,57,3128.0,2781
01:04:23,ESX-FUTURE,3103.0,1952,3103.0,1013
01:04:23,ESX-FUTURE,3103.0,1952,3103.0,1013
01:04:24,SP-FUTURE,3127.0,707,3127.0,2131
01:04:24,ESX-FUTURE,3103.0,45,3103.0,2920
01:04:24,SP-FUTURE,3127.0,665,3127.0,2173
01:04:24,ESX-FUTURE,3103.0,2550,3103.0,415
01:04:25,SP-FUTURE,3127.0,593,3127.0,2245
01:04:26,ESX-FUTURE,3103.0,2080,3103.0,885
01:04:27,SP-FUTURE,3125.0,313,3125.0,2525
01:04:28,ESX-FUTURE,3103.0,2046,3103.0,919
01:04:28,SP-FUTURE,3124.0,1735,3125.0,1103
01:04:29,ESX-FUTURE,3103.0,2163,3103.0,802
01:04:29,SP-FUTURE,3124.0,1784,3125.0,1054
01:04:30,ESX-FUTURE,3103.0,2786,3103.0,179
01:04:30,ESX-FUTURE,3102.0,1547,3103.0,1418
01:04:31,ESX-FUTURE,3102.0,1263,3102.0,1702
01:04:31,SP-FUTURE,3124.0,1747,3125.0,1091
01:04:32,ESX-FUTURE,3102.0,2014,3102.0,951
01:04:32,ESX-FUTURE,3102.0,1766,3102.0,1199
01:04:33,SP-FUTURE,3124.0,1732,3124.0,1106
01:04:34,ESX-FUTURE,3102.0,920,3103.0,2045
01:04:34,SP-FUTURE,3124.0,1205,3124.0,1633
01:04:34,SP-FUTURE,3125.0,1039,3125.0,1799
01:04:35,SP-FUTURE,3125.0,761,3125.0,2077
01:04:35,ESX-FUTURE,3102.0,892,3103.0,2073
01:04:35,SP-FUTURE,3127.0,2409,3127.0,429
01:04:36,ESX-FUTURE,3102.0,2776,3103.0,189
01:04:36,SP-FUTURE,3127.0,2314,3127.0,524
01:04:36,ESX-FUTURE,3102.0,643,3103.0,2322
01:04:37,SP-FUTURE,3127.0,769,3128.0,2069
01:04:37,ESX-FUTURE,3102.0,633,3103.0,2332
01:04:38,ESX-FUTURE,3102.0,2281,3102.0,684
01:04:38,SP-FUTURE,3127.0,147,3127.0,2691
01:04:39,ESX-FUTURE,3102.0,1868,3102.0,1097
01:04:39,SP-FUTURE,3127.0,1946,3127.0,892
01:04:40,ESX-FUTURE,3103.0,2942,3103.0,23
01:04:41,SP-FUTURE,3127.0,1937,3127.0,901
01:04:41,ESX-FUTURE,3103.0,595,3104.0,2370
01:04:42,SP-FUTURE,3127.0,2004,3127.0,834
01:04:42,SP-FUTURE,3127.0,2439,3127.0,399
01:04:43,ESX-FUTURE,3103.0,366,3104.0,2599
01:04:44,ESX-FUTURE,3103.0,423,3104.0,2542
01:04:44,SP-FUTURE,3127.0,224,3127.0,2614
01:04:44,ESX-FUTURE,3103.0,155,3104.0,2810
01:04:44,ESX-FUTURE,3103.0,443,3104.0,2522
01:04:45,ESX-FUTURE,3103.0,996,3104.0,1969
01:04:45,SP-FUTURE,3127.0,175,3128.0,2663
01:04:46,SP-FUTURE,3127.0,2015,3127.0,823
01:04:46,ESX-FUTURE,3101.0,822,3101.0,2143
01:04:47,ESX-FUTURE,3100.0,702,3100.0,2263
01:04:48,SP-FUTURE,3127.0,1301,3128.0,1537
01:04:48,SP-FUTURE,3128.0,2823,3128.0,15
01:04:48,SP-FUTURE,3128.0,2139,3128.0,699
01:04:49,ESX-FUTURE,3099.0,2723,3100.0,242
01:04:49,SP-FUTURE,3128.0,1790,3128.0,1048
01:04:50,ESX-FUTURE,3100.0,2774,3100.0,191
01:04:51,SP-FUTURE,3128.0,1833,3128.0,1005
01:04:51,ESX-FUTURE,3100.0,2876,3100.0,89
01:04:51,ESX-FUTURE,3100.0,1931,3101.0,1034
01:04:51,ESX-FUTURE,3101.0,2741,3101.0,224
01:04:52,ESX-FUTURE,3101.0,1030,3101.0,1935
01:04:52,SP-FUTURE,3128.0,2471,3128.0,367
01:04:53,SP-FUTURE,3128.0,1639,3129.0,1199
01:04:53,ESX-FUTURE,3101.0,1504,3101.0,1461
01:04:54,ESX-FUTURE,3101.0,1407,3101.0,1558
01:04:54,SP-FUTURE,3128.0,262,3128.0,2576
01:04:55,SP-FUTURE,3128.0,173,3128.0,2665
01:04:55,ESX-FUTURE,3101.0,1115,3101.0,1850
01:04:56,SP-FUTURE,3128.0,830,3128.0,2008
01:04:57,ESX-FUTURE,3100.0,2766,3101.0,199
01:04:58,SP-FUTURE,3128.0,604,3128.0,2234
01:04:58,SP-FUTURE,3128.0,495,3128.0,2343
01:04:58,ESX-FUTURE,3100.0,2106,3100.0,859
01:04:59,ESX-FUTURE,3100.0,2381,3100.0,584
01:05:00,ESX-FUTURE,3100.0,1841,3100.0,1124
01:05:00,SP-FUTURE,3128.0,826,3128.0,2012
01:05:01,SP-FUTURE,3129.0,942,3129.0,1896
01:05:01,SP-FUTURE,3129.0,2521,3130.0,317
01:05:01,ESX-FUTURE,3100.0,442,3100.0,2523
01:05:02,ESX-FUTURE,3098.0,2889,3098.0,76
01:05:02,ESX-FUTURE,3098.0,488,3099.0,2477
01:05:02,SP-FUTURE,3129.0,1706,3130.0,1132
01:05:03,SP-FUTURE,3129.0,1465,3130.0,1373
01:05:04,ESX-FUTURE,3099.0,1138,3099.0,1827
01:05:04,SP-FUTURE,3129.0,2612,3130.0,226
01:05:05,ESX-FUTURE,3099.0,804,3099.0,2161
01:05:05,SP-FUTURE,3129.0,2613,3130.0,225
01:05:06,SP-FUTURE,3131.0,2036,3131.0,802
01:05:07,ESX-FUTURE,3099.0,924,3099.0,2041
01:05:08,ESX-FUTURE,3099.0,372,3099.0,2593
01:05:08,SP-FUTURE,3131.0,2041,3131.0,797
01:05:08,SP-FUTURE,3131.0,2132,3131.0,706
01:05:08,SP-FUTURE,3131.0,2105,3131.0,733
01:05:08,ESX-FUTURE,3098.0,173,3099.0,2792
01:05:10,SP-FUTURE,3131.0,2425,3131.0,413
01:05:10,ESX-FUTURE,3098.0,116,3099.0,2849
01:05:11,ESX-FUTURE,3098.0,2031,3098.0,934
01:05:11,SP-FUTURE,3131.0,1387,3132.0,1451
01:05:12,ESX-FUTURE,3098.0,2028,3098.0,937
01:05:12,ESX-FUTURE,3098.0,2187,3098.0,778
01:05:13,SP-FUTURE,3131.0,2723,3131.0,115
01:05:13,ESX-FUTURE,3098.0,1091,3098.0,1874
01:05:13,SP-FUTURE,3132.0,2099,3133.0,739
01:05:14,SP-FUTURE,3133.0,2774,3133.0,64
01:05:15,ESX-FUTURE,3098.0,1162,3098.0,1803
01:05:15,SP-FUTURE,3133.0,2610,3133.0,228
01:05:15,ESX-FUTURE,3098.0,888,3098.0,2077
01:05:16,ESX-FUTURE,3098.0,1223,3098.0,1742
01:05:17,SP-FUTURE,3133.0,1934,3133.0,904
01:05:17,SP-FUTURE,3134.0,2203,3134.0,635
01:05:18,ESX-FUTURE,3097.0,1635,3097.0,1330
01:05:19,ESX-FUTURE,3097.0,133,3097.0,2832
01:05:19,SP-FUTURE,3134.0,604,3134.0,2234
01:05:20,ESX-FUTURE,3096.0,1174,3097.0,1791
01:05:20,ESX-FUTURE,3096.0,975,3096.0,1990
01:05:20,SP-FUTURE,3134.0,522,3134.0,2316
01:05:21,SP-FUTURE,3135.0,1231,3135.0,1607
01:05:21,ESX-FUTURE,3096.0,852,3096.0,2113
01:05:21,ESX-FUTURE,3096.0,2394,3096.0,571
01:05:22,ESX-FUTURE,3096.0,1269,3096.0,1696
01:05:22,ESX-FUTURE,3096.0,2449,3096.0,516
01:05:22,ESX-FUTURE,3096.0,1867,3096.0,1098
01:05:23,SP-FUTURE,3135.0,275,3135.0,2563
01:05:23,SP-FUTURE,3135.0,1494,3136.0,1344
01:05:24,ESX-FUTURE,3096.0,1901,3096.0,1064
01:05:25,SP-FUTURE,3135.0,607,3136.0,2231
01:05:25,ESX-FUTURE,3096.0,1029,3096.0,1936
01:05:25,SP-FUTURE,3135.0,1618,3135.0,1220
01:05:26,ESX-FUTURE,3096.0,374,3096.0,2591
01:05:26,ESX-FUTURE,3096.0,1778,3096.0,1187
01:05:27,SP-FUTURE,3135.0,2754,3135.0,84
01:05:27,ESX-FUTURE,3096.0,1709,3096.0,1256
01:05:29,ESX-FUTURE,3096.0,1959,3096.0,1006
01:05:29,SP-FUTURE,3135.0,2213,3135.0,625
01:05:30,ESX-FUTURE,3096.0,90,3097.0,2875
01:05:30,SP-FUTURE,3135.0,1977,3135.0,861
01:05:30,ESX-FUTURE,3096.0,763,3097.0,2202
01:05:31,SP-FUTURE,3135.0,231,3136.0,2607
01:05:31,ESX-FUTURE,3096.0,1711,3097.0,1254
01:05:32,SP-FUTURE,3135.0,2699,3135.0,139
01:05:32,SP-FUTURE,3135.0,2662,3136.0,176
01:05:32,ESX-FUTURE,3095.0,1893,3095.0,1072
01:05:32,SP-FUTURE,3136.0,1259,3136.0,1579
01:05:33,ESX-FUTURE,3095.0,149,3095.0,2816
01:05:34,ESX-FUTURE,3094.0,2343,3095.0,622
01:05:34,SP-FUTURE,3135.0,2444,3136.0,394
01:05:35,SP-FUTURE,3135.0,664,3136.0,2174
01:05:35,ESX-FUTURE,3095.0,1314,3095.0,1651
01:05:36,SP-FUTURE,3135.0,1478,3136.0,1360
01:05:36,ESX-FUTURE,3095.0,701,3095.0,2264
01:05:37,ESX-FUTURE,3095.0,48,3095.0,2917
01:05:38,SP-FUTURE,3135.0,1458,3136.0,1380
01:05:38,ESX-FUTURE,3095.0,1097,3096.0,1868
01:05:39,SP-FUTURE,3136.0,105,3136.0,2733
01:05:39,SP-FUTURE,3136.0,354,3136.0,2484
01:05:39,ESX-FUTURE,3095.0,554,3096.0,2411
01:05:40,SP-FUTURE,3136.0,942,3136.0,1896
01:05:41,ESX-FUTURE,3095.0,931,3096.0,2034
01:05:41,SP-FUTURE,3136.0,1002,3136.0,1836
01:05:41,ESX-FUTURE,3096.0,616,3096.0,2349
01:05:42,SP-FUTURE,3136.0,2621,3136.0,217
01:05:42,ESX-FUTURE,3096.0,443,3096.0,2522
01:05:42,SP-FUTURE,3136.0,2334,3136.0,504
01:05:42,ESX-FUTURE,3096.0,2956,3096.0,9
01:05:43,ESX-FUTURE,3096.0,546,3096.0,2419
01:05:43,SP-FUTURE,3136.0,1093,3136.0,1745
01:05:44,ESX-FUTURE,3097.0,280,3097.0,2685
01:05:46,ESX-FUTURE,3097.0,1728,3097.0,1237
01:05:46,SP-FUTURE,3136.0,1099,3136.0,1739
01:05:47,ESX-FUTURE,3096.0,2185,3097.0,780
01:05:47,SP-FUTURE,3135.0,2087,3136.0,751
01:05:47,ESX-FUTURE,3096.0,2151,3097.0,814
01:05:48,SP-FUTURE,3135.0,1020,3135.0,1818
01:05:48,ESX-FUTURE,3096.0,2670,3096.0,295
01:05:49,SP-FUTURE,3135.0,2193,3135.0,645
01:05:49,ESX-FUTURE,3096.0,729,3097.0,2236
01:05:50,ESX-FUTURE,3096.0,637,3097.0,2328
01:05:50,SP-FUTURE,3134.0,2760,3135.0,78
01:05:51,SP-FUTURE,3135.0,113,3135.0,2725
01:05:51,ESX-FUTURE,3096.0,540,3097.0,2425
01:05:52,ESX-FUTURE,3096.0,378,3097.0,2587
01:05:53,SP-FUTURE,3135.0,110,3135.0,2728
01:05:53,SP-FUTURE,3135.0,2650,3135.0,188
01:05:53,ESX-FUTURE,3096.0,286,3097.0,2679
01:05:55,SP-FUTURE,3135.0,1808,3135.0,1030
01:05:55,ESX-FUTURE,3096.0,116,3097.0,2849
01:05:56,SP-FUTURE,3136.0,2013,3136.0,825
01:05:56,ESX-FUTURE,3097.0,725,3097.0,2240
01:05:57,ESX-FUTURE,3096.0,1127,3097.0,1838
01:05:57,SP-FUTURE,3136.0,2579,3136.0,259
01:05:57,ESX-FUTURE,3096.0,1379,3097.0,1586
01:05:58,SP-FUTURE,3136.0,2141,3136.0,697
01:05:59,ESX-FUTURE,3096.0,1914,3097.0,1051
01:06:00,ESX-FUTURE,3096.0,2226,3097.0,739
01:06:00,SP-FUTURE,3136.0,2362,3136.0,476
01:06:01,SP-FUTURE,3136.0,2254,3136.0,584
01:06:01,ESX-FUTURE,3097.0,1476,3097.0,1489
01:06:02,ESX-FUTURE,3097.0,1468,3097.0,1497
01:06:03,SP-FUTURE,3136.0,437,3136.0,2401
01:06:03,ESX-FUTURE,3096.0,2481,3097.0,484
01:06:04,SP-FUTURE,3136.0,1152,3136.0,1686
01:06:05,ESX-FUTURE,3097.0,654,3097.0,2311
01:06:05,SP-FUTURE,3136.0,448,3136.0,2390
01:06:06,ESX-FUTURE,3097.0,153,3097.0,2812
01:06:06,SP-FUTURE,3136.0,793,3136.0,2045
01:06:07,SP-FUTURE,3136.0,1036,3136.0,1802
01:06:07,ESX-FUTURE,3097.0,127,3097.0,2838
01:06:08,SP-FUTURE,3136.0,807,3136.0,2031
01:06:08,ESX-FUTURE,3098.0,1523,3099.0,1442
01:06:08,SP-FUTURE,3138.0,326,3138.0,2512
01:06:09,ESX-FUTURE,3098.0,1359,3099.0,1606
01:06:10,SP-FUTURE,3138.0,441,3138.0,2397
01:06:10,SP-FUTURE,3138.0,45,3138.0,2793
01:06:10,ESX-FUTURE,3098.0,1323,3099.0,1642
01:06:12,SP-FUTURE,3137.0,1336,3137.0,1502
01:06:12,ESX-FUTURE,3098.0,2851,3098.0,114
01:06:13,SP-FUTURE,3137.0,1111,3137.0,1727
01:06:13,SP-FUTURE,3137.0,720,3137.0,2118
01:06:13,ESX-FUTURE,3098.0,259,3099.0,2706
01:06:14,SP-FUTURE,3137.0,87,3138.0,2751
01:06:15,ESX-FUTURE,3098.0,201,3099.0,2764
01:06:15,SP-FUTURE,3137.0,2440,3137.0,398
01:06:15,SP-FUTURE,3138.0,1800,3138.0,1038
01:06:16,SP-FUTURE,3142.0,135,3142.0,2703
01:06:16,ESX-FUTURE,3100.0,1191,3100.0,1774
01:06:16,ESX-FUTURE,3100.0,1007,3100.0,1958
01:06:16,SP-FUTURE,3142.0,1992,3142.0,846
01:06:17,SP-FUTURE,3142.0,481,3142.0,2357
01:06:18,ESX-FUTURE,3100.0,940,3100.0,2025
01:06:19,ESX-FUTURE,3099.0,2662,3100.0,303
01:06:19,SP-FUTURE,3141.0,2498,3142.0,340
01:06:19,SP-FUTURE,3141.0,2354,3142.0,484
01:06:19,ESX-FUTURE,3100.0,1716,3100.0,1249
01:06:20,SP-FUTURE,3142.0,1754,3142.0,1084
01:06:20,SP-FUTURE,3143.0,1583,3143.0,1255
01:06:20,ESX-FUTURE,3100.0,1117,3100.0,1848
01:06:21,ESX-FUTURE,3100.0,1348,3100.0,1617
01:06:22,SP-FUTURE,3143.0,1836,3143.0,1002
01:06:22,ESX-FUTURE,3100.0,2659,3100.0,306
01:06:22,SP-FUTURE,3143.0,2237,3143.0,601
01:06:23,ESX-FUTURE,3100.0,881,3100.0,2084
01:06:23,SP-FUTURE,3143.0,900,3143.0,1938
01:06:24,SP-FUTURE,3143.0,265,3143.0,2573
01:06:24,ESX-FUTURE,3100.0,893,3100.0,2072
01:06:24,ESX-FUTURE,3100.0,1859,3100.0,1106
01:06:25,SP-FUTURE,3143.0,2513,3143.0,325
01:06:25,ESX-FUTURE,3100.0,821,3100.0,2144
01:06:26,SP-FUTURE,3143.0,2512,3143.0,326
01:06:26,ESX-FUTURE,3100.0,1129,3100.0,1836
01:06:27,SP-FUTURE,3143.0,2148,3143.0,690
01:06:27,ESX-FUTURE,3100.0,2115,3100.0,850
01:06:28,SP-FUTURE,3143.0,2503,3143.0,335
01:06:28,ESX-FUTURE,3100.0,79,3100.0,2886
01:06:29,SP-FUTURE,3143.0,2626,3143.0,212
01:06:29,ESX-FUTURE,3100.0,275,3100.0,2690
01:06:30,SP-FUTURE,3143.0,126,3144.0,2712
01:06:31,ESX-FUTURE,3100.0,158,3100.0,2807
01:06:31,SP-FUTURE,3143.0,72,3144.0,2766
01:06:33,SP-FUTURE,3143.0,114,3144.0,2724
01:06:33,ESX-FUTURE,3100.0,154,3100.0,2811
01:06:34,ESX-FUTURE,3100.0,37,3100.0,2928
01:06:35,SP-FUTURE,3143.0,100,3144.0,2738
01:06:35,ESX-FUTURE,3100.0,2807,3100.0,158
01:06:36,SP-FUTURE,3143.0,1003,3143.0,1835
01:06:36,ESX-FUTURE,3099.0,1229,3099.0,1736
01:06:37,ESX-FUTURE,3099.0,558,3099.0,2407
01:06:37,ESX-FUTURE,3101.0,613,3101.0,2352
01:06:38,SP-FUTURE,3143.0,2174,3144.0,664
01:06:38,SP-FUTURE,3143.0,1729,3144.0,1109
01:06:39,ESX-FUTURE,3101.0,1739,3101.0,1226
01:06:39,ESX-FUTURE,3101.0,1813,3101.0,1152
01:06:40,SP-FUTURE,3143.0,2197,3144.0,641
01:06:41,ESX-FUTURE,3101.0,1230,3102.0,1735
01:06:41,SP-FUTURE,3143.0,1328,3144.0,1510
01:06:41,SP-FUTURE,3143.0,2565,3143.0,273
01:06:41,ESX-FUTURE,3101.0,678,3102.0,2287
01:06:42,SP-FUTURE,3143.0,1201,3143.0,1637
01:06:42,SP-FUTURE,3143.0,1427,3144.0,1411
01:06:42,SP-FUTURE,3143.0,708,3144.0,2130
01:06:43,ESX-FUTURE,3101.0,2741,3101.0,224
01:06:44,SP-FUTURE,3143.0,1179,3144.0,1659
01:06:44,ESX-FUTURE,3100.0,2884,3101.0,81
01:06:45,SP-FUTURE,3143.0,1133,3144.0,1705
01:06:46,ESX-FUTURE,3100.0,1681,3101.0,1284
01:06:47,SP-FUTURE,3144.0,1234,3144.0,1604
01:06:47,ESX-FUTURE,3100.0,982,3101.0,1983
01:06:48,SP-FUTURE,3144.0,2032,3144.0,806
01:06:48,ESX-FUTURE,3100.0,1136,3100.0,1829
01:06:49,ESX-FUTURE,3100.0,2454,3100.0,511
01:06:49,ESX-FUTURE,3100.0,2455,3100.0,510
01:06:49,SP-FUTURE,3144.0,2533,3144.0,305
01:06:49,ESX-FUTURE,3100.0,1241,3100.0,1724
01:06:50,SP-FUTURE,3144.0,1840,3144.0,998
01:06:50,SP-FUTURE,3144.0,1968,3144.0,870
01:06:51,ESX-FUTURE,3100.0,983,3100.0,1982
01:06:52,SP-FUTURE,3144.0,1880,3144.0,958
01:06:52,ESX-FUTURE,3100.0,520,3101.0,2445
01:06:53,ESX-FUTURE,3100.0,2054,3100.0,911
01:06:53,SP-FUTURE,3144.0,394,3144.0,2444
01:06:55,ESX-FUTURE,3100.0,1880,3100.0,1085
01:06:55,SP-FUTURE,3143.0,1168,3144.0,1670
01:06:55,SP-FUTURE,3143.0,1093,3144.0,1745
01:06:55,ESX-FUTURE,3102.0,2201,3102.0,764
01:06:56,ESX-FUTURE,3104.0,1400,3104.0,1565
01:06:57,SP-FUTURE,3143.0,1031,3143.0,1807
01:06:57,ESX-FUTURE,3104.0,746,3105.0,2219
01:06:58,ESX-FUTURE,3104.0,1825,3104.0,1140
01:06:58,ESX-FUTURE,3106.0,593,3106.0,2372
01:06:58,SP-FUTURE,3144.0,2766,3144.0,72
01:06:59,ESX-FUTURE,3106.0,637,3106.0,2328
01:06:59,SP-FUTURE,3144.0,1917,3144.0,921
01:06:59,SP-FUTURE,3144.0,1011,3144.0,1827
01:07:00,SP-FUTURE,3144.0,2828,3145.0,10
01:07:01,ESX-FUTURE,3106.0,641,3106.0,2324
01:07:02,SP-FUTURE,3144.0,2779,3145.0,59
01:07:02,SP-FUTURE,3144.0,2602,3145.0,236
01:07:02,ESX-FUTURE,3106.0,1123,3106.0,1842
01:07:03,ESX-FUTURE,3105.0,2458,3106.0,507
01:07:04,SP-FUTURE,3144.0,1578,3145.0,1260
01:07:04,ESX-FUTURE,3105.0,2673,3106.0,292
01:07:05,ESX-FUTURE,3105.0,2880,3105.0,85
01:07:05,SP-FUTURE,3144.0,1382,3145.0,1456
01:07:06,ESX-FUTURE,3105.0,943,3105.0,2022
01:07:07,SP-FUTURE,3144.0,2438,3145.0,400
01:07:07,ESX-FUTURE,3105.0,957,3105.0,2008
01:07:07,SP-FUTURE,3144.0,391,3145.0,2447
01:07:08,SP-FUTURE,3147.0,2036,3147.0,802
01:07:09,ESX-FUTURE,3105.0,1045,3105.0,1920
01:07:10,SP-FUTURE,3147.0,209,3147.0,2629
01:07:10,ESX-FUTURE,3106.0,2921,3107.0,44
01:07:11,ESX-FUTURE,3107.0,96,3107.0,2869
01:07:11,SP-FUTURE,3147.0,56,3147.0,2782
01:07:12,SP-FUTURE,3147.0,365,3147.0,2473
01:07:12,SP-FUTURE,3147.0,1113,3147.0,1725
01:07:13,ESX-FUTURE,3107.0,342,3107.0,2623
01:07:14,SP-FUTURE,3147.0,320,3147.0,2518
01:07:14,ESX-FUTURE,3107.0,2512,3107.0,453
01:07:14,SP-FUTURE,3147.0,399,3147.0,2439
01:07:15,SP-FUTURE,3147.0,2020,3147.0,818
01:07:15,SP-FUTURE,3147.0,921,3147.0,1917
01:07:16,ESX-FUTURE,3107.0,775,3107.0,2190
01:07:16,SP-FUTURE,3147.0,638,3147.0,2200
01:07:17,ESX-FUTURE,3106.0,2300,3107.0,665
01:07:17,SP-FUTURE,3147.0,654,3147.0,2184
01:07:18,ESX-FUTURE,3109.0,366,3110.0,2599
01:07:18,SP-FUTURE,3147.0,2,3147.0,2836
01:07:19,ESX-FUTURE,3109.0,366,3110.0,2599
01:07:19,SP-FUTURE,3147.0,294,3147.0,2544
01:07:20,SP-FUTURE,3147.0,293,3147.0,2545
01:07:20,ESX-FUTURE,3109.0,1684,3109.0,1281
01:07:21,ESX-FUTURE,3109.0,1128,3109.0,1837
01:07:21,SP-FUTURE,3147.0,569,3147.0,2269
01:07:21,SP-FUTURE,3147.0,535,3147.0,2303
01:07:22,ESX-FUTURE,3109.0,892,3109.0,2073
01:07:23,SP-FUTURE,3147.0,2383,3147.0,455
01:07:23,ESX-FUTURE,3109.0,761,3109.0,2204
01:07:24,SP-FUTURE,3147.0,2558,3147.0,280
01:07:25,ESX-FUTURE,3109.0,2301,3109.0,664
01:07:25,SP-FUTURE,3147.0,1371,3147.0,1467
01:07:26,ESX-FUTURE,3109.0,1876,3109.0,1089
01:07:26,ESX-FUTURE,3108.0,2925,3108.0,40
01:07:26,SP-FUTURE,3143.0,89,3143.0,2749
01:07:27,SP-FUTURE,3143.0,98,3143.0,2740
01:07:27,SP-FUTURE,3143.0,130,3143.0,2708
01:07:28,ESX-FUTURE,3108.0,337,3108.0,2628
01:07:28,SP-FUTURE,3143.0,2406,3143.0,432
01:07:29,SP-FUTURE,3143.0,2256,3143.0,582
01:07:29,ESX-FUTURE,3108.0,1750,3108.0,1215
01:07:30,SP-FUTURE,3142.0,2646,3143.0,192
01:07:30,ESX-FUTURE,3107.0,1796,3107.0,1169
01:07:30,SP-FUTURE,3142.0,798,3143.0,2040
01:07:30,ESX-FUTURE,3107.0,1462,3107.0,1503
01:07:31,SP-FUTURE,3141.0,1933,3142.0,905
01:07:32,ESX-FUTURE,3107.0,1506,3107.0,1459
01:07:32,ESX-FUTURE,3106.0,2015,3107.0,950
01:07:33,SP-FUTURE,3141.0,1999,3141.0,839
01:07:33,ESX-FUTURE,3106.0,64,3106.0,2901
01:07:34,ESX-FUTURE,3104.0,244,3104.0,2721
01:07:34,ESX-FUTURE,3104.0,188,3104.0,2777
01:07:34,SP-FUTURE,3141.0,2207,3141.0,631
01:07:35,ESX-FUTURE,3104.0,143,3104.0,2822
01:07:35,SP-FUTURE,3141.0,1696,3141.0,1142
01:07:36,SP-FUTURE,3141.0,1660,3141.0,1178
01:07:37,ESX-FUTURE,3103.0,675,3103.0,2290
01:07:38,SP-FUTURE,3141.0,1771,3141.0,1067
01:07:38,ESX-FUTURE,3103.0,694,3103.0,2271
01:07:39,ESX-FUTURE,3103.0,1931,3103.0,1034
01:07:39,SP-FUTURE,3141.0,1042,3141.0,1796
01:07:40,SP-FUTURE,3141.0,1752,3142.0,1086
01:07:40,ESX-FUTURE,3103.0,483,3104.0,2482
01:07:41,SP-FUTURE,3141.0,1312,3142.0,1526
01:07:42,ESX-FUTURE,3102.0,2601,3102.0,364
01:07:43,SP-FUTURE,3141.0,2510,3142.0,328
01:07:43,ESX-FUTURE,3102.0,2737,3102.0,228
01:07:44,SP-FUTURE,3141.0,2355,3142.0,483
01:07:44,SP-FUTURE,3141.0,2366,3142.0,472
01:07:45,ESX-FUTURE,3102.0,1982,3102.0,983
01:07:45,ESX-FUTURE,3102.0,1343,3102.0,1622
01:07:46,SP-FUTURE,3140.0,469,3141.0,2369
01:07:46,ESX-FUTURE,3102.0,2399,3102.0,566
01:07:46,ESX-FUTURE,3102.0,641,3103.0,2324
01:07:47,ESX-FUTURE,3102.0,1961,3102.0,1004
01:07:47,SP-FUTURE,3140.0,646,3140.0,2192
01:07:47,ESX-FUTURE,3102.0,1953,3102.0,1012
01:07:48,ESX-FUTURE,3102.0,680,3102.0,2285
01:07:48,SP-FUTURE,3140.0,749,3140.0,2089
01:07:48,ESX-FUTURE,3102.0,1529,3103.0,1436
01:07:49,SP-FUTURE,3141.0,2630,3141.0,208
01:07:49,ESX-FUTURE,3102.0,669,3103.0,2296
01:07:50,SP-FUTURE,3141.0,2144,3141.0,694
01:07:51,SP-FUTURE,3141.0,587,3141.0,2251
01:07:51,ESX-FUTURE,3103.0,2441,3103.0,524
01:07:52,SP-FUTURE,3139.0,1334,3139.0,1504
01:07:52,SP-FUTURE,3139.0,1384,3139.0,1454
01:07:52,ESX-FUTURE,3103.0,2825,3103.0,140
01:07:53,ESX-FUTURE,3103.0,481,3103.0,2484
01:07:53,SP-FUTURE,3141.0,307,3141.0,2531
01:07:54,ESX-FUTURE,3103.0,479,3103.0,2486
01:07:55,SP-FUTURE,3141.0,138,3141.0,2700
01:07:56,ESX-FUTURE,3103.0,274,3103.0,2691
01:07:56,ESX-FUTURE,3103.0,2797,3103.0,168
01:07:57,SP-FUTURE,3141.0,1974,3141.0,864
01:07:57,ESX-FUTURE,3101.0,562,3101.0,2403
01:07:58,ESX-FUTURE,3101.0,559,3101.0,2406
01:07:58,SP-FUTURE,3141.0,1504,3142.0,1334
01:07:59,SP-FUTURE,3141.0,1457,3142.0,1381
01:08:00,ESX-FUTURE,3101.0,1768,3101.0,1197
01:08:01,SP-FUTURE,3142.0,268,3142.0,2570
01:08:01,SP-FUTURE,3142.0,1075,3142.0,1763
01:08:01,ESX-FUTURE,3101.0,1188,3102.0,1777
01:08:01,ESX-FUTURE,3101.0,1388,3102.0,1577
01:08:02,ESX-FUTURE,3101.0,749,3102.0,2216
01:08:02,SP-FUTURE,3142.0,774,3142.0,2064
01:08:03,ESX-FUTURE,3101.0,1818,3101.0,1147
01:08:03,SP-FUTURE,3142.0,795,3142.0,2043
01:08:04,SP-FUTURE,3142.0,555,3142.0,2283
01:08:04,ESX-FUTURE,3101.0,644,3101.0,2321
01:08:04,SP-FUTURE,3142.0,1221,3142.0,1617
01:08:04,ESX-FUTURE,3101.0,643,3101.0,2322
01:08:05,SP-FUTURE,3142.0,468,3142.0,2370
01:08:06,ESX-FUTURE,3101.0,2554,3101.0,411
01:08:07,ESX-FUTURE,3101.0,1550,3101.0,1415
01:08:08,SP-FUTURE,3142.0,594,3142.0,2244
01:08:08,ESX-FUTURE,3101.0,323,3101.0,2642
01:08:08,SP-FUTURE,3142.0,2745,3142.0,93
01:08:10,ESX-FUTURE,3101.0,460,3101.0,2505
01:08:10,SP-FUTURE,3142.0,373,3143.0,2465
01:08:10,ESX-FUTURE,3101.0,397,3101.0,2568
01:08:11,SP-FUTURE,3142.0,364,3143.0,2474
01:08:12,ESX-FUTURE,3101.0,984,3101.0,1981
01:08:12,SP-FUTURE,3142.0,383,3143.0,2455
01:08:13,SP-FUTURE,3142.0,405,3143.0,2433
01:08:13,ESX-FUTURE,3101.0,630,3101.0,2335
01:08:14,SP-FUTURE,3142.0,2509,3142.0,329
01:08:15,ESX-FUTURE,3101.0,657,3101.0,2308
01:08:15,SP-FUTURE,3142.0,2266,3143.0,572
01:08:16,SP-FUTURE,3142.0,517,3143.0,2321
01:08:17,SP-FUTURE,3143.0,1320,3143.0,1518
01:08:17,ESX-FUTURE,3104.0,1766,3104.0,1199
01:08:18,SP-FUTURE,3143.0,1234,3143.0,1604
01:08:18,ESX-FUTURE,3105.0,2708,3105.0,257
01:08:19,SP-FUTURE,3143.0,1129,3143.0,1709
01:08:19,ESX-FUTURE,3105.0,1278,3105.0,1687
01:08:20,SP-FUTURE,3143.0,269,3143.0,2569
01:08:21,ESX-FUTURE,3105.0,1310,3105.0,1655
01:08:21,SP-FUTURE,3143.0,1694,3144.0,1144
01:08:22,ESX-FUTURE,3105.0,254,3105.0,2711
01:08:23,ESX-FUTURE,3105.0,2624,3105.0,341
01:08:23,SP-FUTURE,3143.0,1686,3144.0,1152
01:08:23,ESX-FUTURE,3104.0,2909,3104.0,56
01:08:24,SP-FUTURE,3143.0,2514,3143.0,324
01:08:25,ESX-FUTURE,3104.0,367,3104.0,2598
01:08:25,SP-FUTURE,3143.0,516,3144.0,2322
01:08:26,SP-FUTURE,3143.0,501,3144.0,2337
01:08:27,ESX-FUTURE,3104.0,1274,3104.0,1691
01:08:27,SP-FUTURE,3143.0,502,3144.0,2336
01:08:28,ESX-FUTURE,3104.0,2526,3104.0,439
01:08:28,SP-FUTURE,3143.0,351,3143.0,2487
01:08:29,ESX-FUTURE,3104.0,2245,3104.0,720
01:08:29,SP-FUTURE,3144.0,479,3144.0,2359
01:08:29,ESX-FUTURE,3104.0,735,3104.0,2230
01:08:29,ESX-FUTURE,3104.0,392,3104.0,2573
01:08:30,SP-FUTURE,3143.0,2589,3144.0,249
01:08:31,ESX-FUTURE,3104.0,777,3104.0,2188
01:08:32,SP-FUTURE,3143.0,2590,3144.0,248
01:08:32,ESX-FUTURE,3104.0,1548,3104.0,1417
01:08:33,SP-FUTURE,3145.0,1966,3145.0,872
01:08:34,ESX-FUTURE,3103.0,570,3104.0,2395
01:08:34,SP-FUTURE,3145.0,239,3145.0,2599
01:08:35,SP-FUTURE,3145.0,1346,3145.0,1492
01:08:35,SP-FUTURE,3145.0,223,3145.0,2615
01:08:36,ESX-FUTURE,3103.0,554,3104.0,2411
01:08:37,ESX-FUTURE,3103.0,491,3104.0,2474
01:08:37,SP-FUTURE,3144.0,2737,3145.0,101
01:08:38,ESX-FUTURE,3103.0,570,3104.0,2395
01:08:39,SP-FUTURE,3144.0,2537,3145.0,301
01:08:39,ESX-FUTURE,3103.0,680,3104.0,2285
01:08:39,ESX-FUTURE,3103.0,780,3104.0,2185
01:08:40,SP-FUTURE,3144.0,2060,3145.0,778
01:08:40,ESX-FUTURE,3103.0,1180,3104.0,1785
01:08:41,SP-FUTURE,3145.0,1240,3145.0,1598
01:08:42,SP-FUTURE,3146.0,1165,3147.0,1673
01:08:42,ESX-FUTURE,3103.0,1981,3104.0,984
01:08:42,ESX-FUTURE,3103.0,660,3104.0,2305
01:08:42,SP-FUTURE,3146.0,1961,3147.0,877
01:08:43,SP-FUTURE,3146.0,1120,3147.0,1718
01:08:43,ESX-FUTURE,3103.0,61,3104.0,2904
01:08:44,ESX-FUTURE,3105.0,1467,3105.0,1498
01:08:45,SP-FUTURE,3147.0,1089,3147.0,1749
01:08:45,ESX-FUTURE,3105.0,2609,3105.0,356
01:08:45,ESX-FUTURE,3105.0,2385,3105.0,580
01:08:45,ESX-FUTURE,3106.0,948,3106.0,2017
01:08:46,ESX-FUTURE,3106.0,1109,3106.0,1856
01:08:46,SP-FUTURE,3146.0,1252,3146.0,1586
01:08:47,SP-FUTURE,3146.0,2330,3147.0,508
01:08:48,ESX-FUTURE,3106.0,670,3106.0,2295
01:08:48,SP-FUTURE,3147.0,141,3147.0,2697
01:08:48,ESX-FUTURE,3106.0,652,3106.0,2313
01:08:49,ESX-FUTURE,3106.0,643,3106.0,2322
01:08:50,SP-FUTURE,3147.0,728,3147.0,2110
01:08:50,ESX-FUTURE,3106.0,2573,3106.0,392
01:08:51,ESX-FUTURE,3106.0,1884,3106.0,1081
01:08:51,SP-FUTURE,3147.0,2455,3147.0,383
01:08:52,ESX-FUTURE,3106.0,2232,3106.0,733
01:08:53,SP-FUTURE,3147.0,730,3147.0,2108
01:08:53,ESX-FUTURE,3106.0,609,3106.0,2356
01:08:53,SP-FUTURE,3147.0,746,3147.0,2092
01:08:54,ESX-FUTURE,3106.0,2492,3106.0,473
01:08:54,SP-FUTURE,3147.0,1429,3147.0,1409
01:08:54,ESX-FUTURE,3106.0,1120,3106.0,1845
01:08:55,SP-FUTURE,3147.0,1116,3147.0,1722
01:08:57,ESX-FUTURE,3105.0,2581,3105.0,384
01:08:57,SP-FUTURE,3147.0,1140,3147.0,1698
01:08:57,ESX-FUTURE,3107.0,1937,3107.0,1028
01:08:57,SP-FUTURE,3147.0,2821,3147.0,17
01:08:58,SP-FUTURE,3147.0,194,3147.0,2644
01:08:58,ESX-FUTURE,3107.0,133,3108.0,2832
01:08:59,SP-FUTURE,3148.0,139,3148.0,2699
01:08:59,ESX-FUTURE,3107.0,358,3108.0,2607
01:09:00,SP-FUTURE,3148.0,937,3148.0,1901
01:09:01,ESX-FUTURE,3107.0,2855,3108.0,110
01:09:01,SP-FUTURE,3148.0,908,3148.0,1930
01:09:02,SP-FUTURE,3148.0,914,3148.0,1924
01:09:02,SP-FUTURE,3148.0,973,3148.0,1865
01:09:02,ESX-FUTURE,3108.0,106,3108.0,2859
01:09:03,ESX-FUTURE,3108.0,1971,3108.0,994
01:09:03,ESX-FUTURE,3108.0,1944,3108.0,1021
01:09:04,SP-FUTURE,3147.0,1859,3147.0,979
01:09:04,ESX-FUTURE,3108.0,1611,3108.0,1354
01:09:05,SP-FUTURE,3147.0,2184,3147.0,654
01:09:05,ESX-FUTURE,3107.0,2666,3108.0,299
01:09:05,ESX-FUTURE,3107.0,2959,3108.0,6
01:09:05,SP-FUTURE,3147.0,2114,3147.0,724
01:09:05,ESX-FUTURE,3108.0,1393,3108.0,1572
01:09:07,ESX-FUTURE,3106.0,1490,3106.0,1475
01:09:07,SP-FUTURE,3147.0,2771,3147.0,67
01:09:08,ESX-FUTURE,3106.0,1515,3106.0,1450
01:09:08,SP-FUTURE,3147.0,245,3147.0,2593
01:09:09,ESX-FUTURE,3106.0,1618,3106.0,1347
01:09:09,SP-FUTURE,3147.0,1330,3148.0,1508
01:09:10,ESX-FUTURE,3105.0,2490,3106.0,475
01:09:10,SP-FUTURE,3147.0,2352,3148.0,486
01:09:11,SP-FUTURE,3147.0,2799,3148.0,39
01:09:12,ESX-FUTURE,3105.0,2384,3106.0,581
01:09:12,SP-FUTURE,3147.0,2669,3147.0,169
01:09:13,ESX-FUTURE,3105.0,1701,3106.0,1264
01:09:13,ESX-FUTURE,3105.0,1696,3106.0,1269
01:09:14,ESX-FUTURE,3105.0,1513,3106.0,1452
01:09:14,SP-FUTURE,3148.0,2103,3148.0,735
01:09:14,SP-FUTURE,3148.0,2250,3148.0,588
01:09:15,SP-FUTURE,3148.0,2178,3148.0,660
01:09:15,ESX-FUTURE,3106.0,2761,3106.0,204
01:09:16,SP-FUTURE,3148.0,2180,3148.0,658
01:09:17,ESX-FUTURE,3106.0,406,3106.0,2559
01:09:17,SP-FUTURE,3148.0,2178,3148.0,660
01:09:17,ESX-FUTURE,3106.0,1654,3106.0,1311
01:09:17,SP-FUTURE,3148.0,174,3148.0,2664
01:09:18,SP-FUTURE,3147.0,1353,3147.0,1485
01:09:18,ESX-FUTURE,3107.0,1234,3107.0,1731
01:09:19,ESX-FUTURE,3107.0,2012,3107.0,953
01:09:19,SP-FUTURE,3147.0,2152,3147.0,686
01:09:19,SP-FUTURE,3148.0,1016,3148.0,1822
01:09:19,SP-FUTURE,3148.0,1531,3148.0,1307
01:09:20,SP-FUTURE,3147.0,967,3148.0,1871
01:09:20,ESX-FUTURE,3107.0,846,3107.0,2119
01:09:21,SP-FUTURE,3147.0,967,3148.0,1871
01:09:21,ESX-FUTURE,3107.0,2932,3107.0,33
01:09:22,SP-FUTURE,3147.0,974,3148.0,1864
01:09:22,ESX-FUTURE,3107.0,1122,3107.0,1843
01:09:22,SP-FUTURE,3148.0,949,3148.0,1889
01:09:23,ESX-FUTURE,3107.0,2625,3107.0,340
01:09:23,SP-FUTURE,3148.0,1218,3148.0,1620
01:09:24,ESX-FUTURE,3106.0,2457,3106.0,508
01:09:24,SP-FUTURE,3148.0,789,3148.0,2049
01:09:25,ESX-FUTURE,3107.0,2455,3107.0,510
01:09:25,SP-FUTURE,3148.0,1320,3148.0,1518
01:09:25,ESX-FUTURE,3107.0,2137,3107.0,828
01:09:27,SP-FUTURE,3148.0,2770,3148.0,68
01:09:27,ESX-FUTURE,3107.0,2139,3107.0,826
01:09:28,SP-FUTURE,3148.0,1888,3148.0,950
01:09:28,ESX-FUTURE,3107.0,1594,3107.0,1371
01:09:28,SP-FUTURE,3148.0,1886,3148.0,952
01:09:29,ESX-FUTURE,3107.0,1686,3107.0,1279
01:09:30,ESX-FUTURE,3107.0,2475,3108.0,490
01:09:31,ESX-FUTURE,3108.0,28,3108.0,2937
01:09:31,SP-FUTURE,3148.0,1936,3148.0,902
01:09:31,SP-FUTURE,3148.0,1933,3148.0,905
01:09:32,ESX-FUTURE,3108.0,2639,3108.0,326
01:09:32,SP-FUTURE,3148.0,1420,3148.0,1418
01:09:32,ESX-FUTURE,3108.0,1864,3108.0,1101
01:09:33,SP-FUTURE,3148.0,1462,3148.0,1376
01:09:33,ESX-FUTURE,3108.0,381,3108.0,2584
01:09:34,SP-FUTURE,3148.0,1687,3148.0,1151
01:09:34,ESX-FUTURE,3108.0,2494,3108.0,471
01:09:34,ESX-FUTURE,3108.0,1928,3109.0,1037
01:09:35,SP-FUTURE,3148.0,1649,3148.0,1189
01:09:35,SP-FUTURE,3148.0,1630,3148.0,1208
01:09:36,ESX-FUTURE,3109.0,175,3109.0,2790
01:09:37,SP-FUTURE,3148.0,1441,3148.0,1397
01:09:38,ESX-FUTURE,3109.0,2375,3109.0,590
01:09:38,SP-FUTURE,3148.0,1728,3148.0,1110
01:09:38,ESX-FUTURE,3109.0,2159,3109.0,806
01:09:39,SP-FUTURE,3147.0,2074,3147.0,764
01:09:40,ESX-FUTURE,3109.0,2029,3109.0,936
01:09:41,ESX-FUTURE,3109.0,2124,3109.0,841
01:09:41,SP-FUTURE,3147.0,1428,3148.0,1410
01:09:41,ESX-FUTURE,3109.0,2284,3109.0,681
01:09:42,SP-FUTURE,3147.0,1870,3148.0,968
01:09:43,ESX-FUTURE,3107.0,2302,3107.0,663
01:09:44,SP-FUTURE,3148.0,2558,3148.0,280
01:09:45,ESX-FUTURE,3107.0,66,3107.0,2899
01:09:46,SP-FUTURE,3148.0,2543,3148.0,295
01:09:46,ESX-FUTURE,3107.0,32,3107.0,2933
01:09:47,SP-FUTURE,3152.0,896,3152.0,1942
01:09:47,SP-FUTURE,3152.0,937,3152.0,1901
01:09:47,ESX-FUTURE,3107.0,2189,3107.0,776
01:09:48,ESX-FUTURE,3107.0,2635,3107.0,330
01:09:48,SP-FUTURE,3152.0,1169,3152.0,1669
01:09:49,ESX-FUTURE,3106.0,1893,3107.0,1072
01:09:50,SP-FUTURE,3151.0,887,3152.0,1951
01:09:50,ESX-FUTURE,3106.0,2060,3107.0,905
01:09:52,ESX-FUTURE,3106.0,2050,3107.0,915
01:09:52,SP-FUTURE,3151.0,1568,3152.0,1270
01:09:52,ESX-FUTURE,3106.0,1880,3107.0,1085
01:09:53,SP-FUTURE,3151.0,627,3152.0,2211
01:09:54,ESX-FUTURE,3106.0,1817,3107.0,1148
01:09:54,ESX-FUTURE,3107.0,338,3107.0,2627
01:09:54,SP-FUTURE,3151.0,320,3152.0,2518
01:09:55,SP-FUTURE,3151.0,2814,3151.0,24
01:09:56,SP-FUTURE,3151.0,2296,3151.0,542
01:09:56,ESX-FUTURE,3107.0,2152,3107.0,813
01:09:56,ESX-FUTURE,3107.0,2771,3107.0,194
01:09:57,ESX-FUTURE,3107.0,624,3107.0,2341
01:09:57,SP-FUTURE,3152.0,2729,3152.0,109
01:09:58,ESX-FUTURE,3107.0,620,3107.0,2345
01:09:59,SP-FUTURE,3152.0,30,3152.0,2808
01:10:00,ESX-FUTURE,3107.0,1974,3107.0,991
01:10:01,SP-FUTURE,3152.0,24,3152.0,2814
01:10:01,ESX-FUTURE,3107.0,1957,3107.0,1008
01:10:02,SP-FUTURE,3152.0,482,3152.0,2356
01:10:02,ESX-FUTURE,3107.0,2816,3107.0,149
01:10:03,SP-FUTURE,3152.0,1027,3152.0,1811
01:10:03,ESX-FUTURE,3107.0,2464,3107.0,501
01:10:04,ESX-FUTURE,3108.0,1479,3108.0,1486
01:10:04,SP-FUTURE,3151.0,2351,3151.0,487
01:10:05,ESX-FUTURE,3108.0,2066,3108.0,899
01:10:06,SP-FUTURE,3150.0,1905,3151.0,933
01:10:07,ESX-FUTURE,3108.0,129,3108.0,2836
01:10:07,SP-FUTURE,3150.0,2503,3151.0,335
01:10:07,SP-FUTURE,3151.0,1101,3151.0,1737
01:10:08,ESX-FUTURE,3108.0,2571,3108.0,394
01:10:09,SP-FUTURE,3147.0,1498,3147.0,1340
01:10:09,ESX-FUTURE,3108.0,237,3109.0,2728
01:10:09,ESX-FUTURE,3109.0,804,3109.0,2161
01:10:10,ESX-FUTURE,3109.0,2727,3109.0,238
01:10:10,SP-FUTURE,3147.0,1542,3147.0,1296
01:10:11,ESX-FUTURE,3109.0,974,3109.0,1991
01:10:11,ESX-FUTURE,3109.0,337,3109.0,2628
01:10:11,SP-FUTURE,3147.0,2175,3147.0,663
01:10:13,ESX-FUTURE,3109.0,633,3109.0,2332
01:10:13,SP-FUTURE,3147.0,805,3147.0,2033
01:10:13,SP-FUTURE,3147.0,1460,3147.0,1378
01:10:14,ESX-FUTURE,3108.0,1580,3108.0,1385
01:10:14,SP-FUTURE,3147.0,1398,3147.0,1440
01:10:14,ESX-FUTURE,3108.0,2655,3108.0,310
01:10:15,SP-FUTURE,3147.0,1244,3147.0,1594
01:10:16,ESX-FUTURE,3108.0,962,3108.0,2003
01:10:17,SP-FUTURE,3147.0,229,3147.0,2609
01:10:17,ESX-FUTURE,3108.0,1262,3108.0,1703
01:10:18,SP-FUTURE,3146.0,1905,3146.0,933
01:10:19,SP-FUTURE,3146.0,386,3146.0,2452
01:10:19,ESX-FUTURE,3108.0,910,3108.0,2055
01:10:20,SP-FUTURE,3146.0,1774,3146.0,1064
01:10:20,ESX-FUTURE,3108.0,2085,3108.0,880
01:10:20,ESX-FUTURE,3108.0,1601,3108.0,1364
01:10:21,SP-FUTURE,3146.0,2813,3146.0,25
01:10:21,ESX-FUTURE,3108.0,1600,3108.0,1365
01:10:22,SP-FUTURE,3147.0,1524,3147.0,1314
01:10:22,ESX-FUTURE,3108.0,1483,3108.0,1482
01:10:23,SP-FUTURE,3146.0,666,3146.0,2172
01:10:25,ESX-FUTURE,3108.0,1570,3108.0,1395
01:10:25,SP-FUTURE,3146.0,2236,3146.0,602
01:10:26,ESX-FUTURE,3108.0,1572,3108.0,1393
01:10:26,SP-FUTURE,3146.0,1950,3146.0,888
01:10:27,SP-FUTURE,3145.0,2400,3146.0,438
01:10:27,ESX-FUTURE,3107.0,1053,3107.0,1912
01:10:28,SP-FUTURE,3145.0,2296,3146.0,542
01:10:29,ESX-FUTURE,3107.0,1985,3107.0,980
01:10:30,SP-FUTURE,3145.0,1372,3145.0,1466
01:10:30,SP-FUTURE,3145.0,2287,3145.0,551
01:10:30,ESX-FUTURE,3107.0,436,3108.0,2529
01:10:31,SP-FUTURE,3145.0,2834,3145.0,4
01:10:32,ESX-FUTURE,3107.0,436,3108.0,2529
01:10:32,ESX-FUTURE,3107.0,422,3108.0,2543
01:10:33,SP-FUTURE,3145.0,2815,3145.0,23
01:10:33,ESX-FUTURE,3107.0,431,3108.0,2534
01:10:34,SP-FUTURE,3145.0,841,3145.0,1997
01:10:35,ESX-FUTURE,3107.0,376,3108.0,2589
01:10:35,SP-FUTURE,3146.0,244,3146.0,2594
01:10:35,ESX-FUTURE,3107.0,1529,3108.0,1436
01:10:36,SP-FUTURE,3145.0,2818,3146.0,20
01:10:37,ESX-FUTURE,3107.0,1217,3108.0,1748
01:10:38,ESX-FUTURE,3107.0,1208,3108.0,1757
01:10:38,SP-FUTURE,3146.0,2657,3146.0,181
01:10:39,ESX-FUTURE,3107.0,1238,3108.0,1727
01:10:39,ESX-FUTURE,3107.0,1549,3108.0,1416
01:10:39,SP-FUTURE,3146.0,426,3146.0,2412
01:10:40,SP-FUTURE,3146.0,1383,3147.0,1455
01:10:40,ESX-FUTURE,3107.0,1559,3108.0,1406
01:10:40,ESX-FUTURE,3108.0,455,3108.0,2510
01:10:41,SP-FUTURE,3147.0,124,3147.0,2714
01:10:41,ESX-FUTURE,3108.0,1675,3108.0,1290
01:10:42,SP-FUTURE,3147.0,406,3147.0,2432
01:10:42,ESX-FUTURE,3107.0,2526,3108.0,439
01:10:43,SP-FUTURE,3146.0,371,3147.0,2467
01:10:43,ESX-FUTURE,3111.0,1100,3111.0,1865
01:10:44,SP-FUTURE,3148.0,1638,3148.0,1200
01:10:44,ESX-FUTURE,3110.0,2954,3110.0,11
01:10:45,ESX-FUTURE,3110.0,1588,3110.0,1377
01:10:45,SP-FUTURE,3148.0,1493,3148.0,1345
01:10:45,SP-FUTURE,3148.0,75,3148.0,2763
01:10:46,SP-FUTURE,3148.0,109,3148.0,2729
01:10:46,ESX-FUTURE,3110.0,1586,3110.0,1379
01:10:47,ESX-FUTURE,3110.0,1613,3110.0,1352
01:10:47,SP-FUTURE,3148.0,1855,3148.0,983
01:10:48,SP-FUTURE,3147.0,1938,3148.0,900
01:10:48,ESX-FUTURE,3110.0,1066,3110.0,1899
01:10:48,SP-FUTURE,3147.0,2651,3147.0,187
01:10:49,ESX-FUTURE,3110.0,544,3110.0,2421
01:10:49,SP-FUTURE,3147.0,2613,3147.0,225
01:10:50,ESX-FUTURE,3110.0,138,3110.0,2827
01:10:51,SP-FUTURE,3147.0,309,3148.0,2529
01:10:52,ESX-FUTURE,3111.0,2868,3111.0,97
01:10:52,ESX-FUTURE,3111.0,36,3111.0,2929
01:10:52,SP-FUTURE,3147.0,297,3148.0,2541
01:10:53,SP-FUTURE,3147.0,273,3148.0,2565
01:10:53,ESX-FUTURE,3112.0,938,3112.0,2027
01:10:54,ESX-FUTURE,3111.0,2930,3112.0,35
01:10:55,SP-FUTURE,3147.0,2442,3147.0,396
01:10:55,ESX-FUTURE,3112.0,175,3112.0,2790
01:10:55,SP-FUTURE,3147.0,1748,3147.0,1090
01:10:56,ESX-FUTURE,3111.0,703,3111.0,2262
01:10:56,SP-FUTURE,3147.0,50,3147.0,2788
01:10:57,ESX-FUTURE,3111.0,667,3111.0,2298
01:10:57,SP-FUTURE,3147.0,747,3147.0,2091
01:10:58,ESX-FUTURE,3111.0,392,3111.0,2573
01:10:58,SP-FUTURE,3148.0,1786,3148.0,1052
01:10:59,SP-FUTURE,3151.0,1436,3152.0,1402
01:11:00,ESX-FUTURE,3110.0,768,3110.0,2197
01:11:01,SP-FUTURE,3151.0,1229,3152.0,1609
01:11:01,ESX-FUTURE,3109.0,1385,3109.0,1580
01:11:02,ESX-FUTURE,3109.0,1334,3109.0,1631
01:11:02,SP-FUTURE,3151.0,2538,3151.0,300
01:11:03,ESX-FUTURE,3109.0,1461,3109.0,1504
01:11:03,ESX-FUTURE,3109.0,1647,3109.0,1318
01:11:04,SP-FUTURE,3151.0,265,3151.0,2573
01:11:04,ESX-FUTURE,3109.0,429,3109.0,2536
01:11:05,SP-FUTURE,3151.0,1123,3151.0,1715
01:11:05,ESX-FUTURE,3109.0,244,3109.0,2721
01:11:06,ESX-FUTURE,3109.0,765,3109.0,2200
01:11:07,SP-FUTURE,3151.0,2826,3151.0,12
01:11:08,ESX-FUTURE,3109.0,741,3109.0,2224
01:11:08,SP-FUTURE,3151.0,133,3151.0,2705
01:11:09,ESX-FUTURE,3109.0,1343,3109.0,1622
01:11:09,SP-FUTURE,3151.0,645,3151.0,2193
01:11:10,ESX-FUTURE,3109.0,2391,3109.0,574
01:11:10,ESX-FUTURE,3110.0,1528,3110.0,1437
01:11:10,SP-FUTURE,3151.0,525,3151.0,2313
01:11:10,ESX-FUTURE,3110.0,1130,3110.0,1835
01:11:11,ESX-FUTURE,3110.0,943,3110.0,2022
01:11:11,ESX-FUTURE,3110.0,2901,3110.0,64
01:11:11,SP-FUTURE,3151.0,488,3151.0,2350
01:11:12,SP-FUTURE,3151.0,526,3151.0,2312
01:11:13,ESX-FUTURE,3110.0,748,3110.0,2217
01:11:14,ESX-FUTURE,3110.0,2945,3110.0,20
01:11:14,SP-FUTURE,3151.0,526,3151.0,2312
01:11:15,ESX-FUTURE,3111.0,2862,3111.0,103
01:11:15,SP-FUTURE,3150.0,2558,3151.0,280
01:11:16,SP-FUTURE,3150.0,2547,3151.0,291
01:11:17,ESX-FUTURE,3111.0,546,3111.0,2419
01:11:17,SP-FUTURE,3150.0,1885,3151.0,953
01:11:17,SP-FUTURE,3150.0,2033,3151.0,805
01:11:18,ESX-FUTURE,3111.0,2040,3111.0,925
01:11:19,SP-FUTURE,3151.0,2779,3151.0,59
01:11:19,SP-FUTURE,3151.0,731,3151.0,2107
01:11:20,ESX-FUTURE,3111.0,699,3111.0,2266
01:11:21,SP-FUTURE,3150.0,2225,3151.0,613
01:11:22,ESX-FUTURE,3111.0,697,3111.0,2268
01:11:22,SP-FUTURE,3151.0,2681,3151.0,157
01:11:22,ESX-FUTURE,3111.0,1077,3111.0,1888
01:11:23,SP-FUTURE,3150.0,1821,3151.0,1017
01:11:23,SP-FUTURE,3151.0,737,3151.0,2101
01:11:24,ESX-FUTURE,3111.0,2254,3111.0,711
01:11:24,SP-FUTURE,3151.0,861,3151.0,1977
01:11:25,SP-FUTURE,3151.0,849,3151.0,1989
01:11:25,ESX-FUTURE,3113.0,2462,3113.0,503
01:11:26,SP-FUTURE,3150.0,1707,3150.0,1131
01:11:26,ESX-FUTURE,3113.0,2298,3113.0,667
01:11:27,SP-FUTURE,3150.0,277,3150.0,2561
01:11:27,SP-FUTURE,3150.0,2640,3151.0,198
01:11:28,SP-FUTURE,3151.0,2123,3151.0,715
01:11:28,ESX-FUTURE,3112.0,2676,3112.0,289
01:11:29,SP-FUTURE,3151.0,2270,3151.0,568
01:11:30,ESX-FUTURE,3112.0,28,3112.0,2937
01:11:30,SP-FUTURE,3151.0,2278,3151.0,560
01:11:31,ESX-FUTURE,3111.0,1588,3112.0,1377
01:11:31,SP-FUTURE,3151.0,1204,3151.0,1634
01:11:32,ESX-FUTURE,3112.0,2041,3112.0,924
01:11:32,SP-FUTURE,3151.0,151,3151.0,2687
01:11:32,ESX-FUTURE,3116.0,290,3116.0,2675
01:11:33,ESX-FUTURE,3116.0,283,3116.0,2682
01:11:34,SP-FUTURE,3151.0,177,3151.0,2661
01:11:34,ESX-FUTURE,3117.0,2894,3118.0,71
01:11:35,ESX-FUTURE,3118.0,1515,3118.0,1450
01:11:35,ESX-FUTURE,3118.0,1561,3118.0,1404
01:11:35,SP-FUTURE,3151.0,1306,3151.0,1532
01:11:35,ESX-FUTURE,3118.0,207,3119.0,2758
01:11:35,SP-FUTURE,3151.0,2120,3151.0,718
01:11:36,ESX-FUTURE,3118.0,2513,3118.0,452
01:11:36,ESX-FUTURE,3118.0,1912,3118.0,1053
01:11:36,SP-FUTURE,3151.0,46,3152.0,2792
01:11:37,ESX-FUTURE,3118.0,1989,3118.0,976
01:11:38,SP-FUTURE,3151.0,1423,3151.0,1415
01:11:38,ESX-FUTURE,3119.0,158,3119.0,2807
01:11:40,SP-FUTURE,3151.0,1347,3151.0,1491
01:11:40,ESX-FUTURE,3118.0,1199,3118.0,1766
01:11:40,SP-FUTURE,3151.0,1064,3151.0,1774
01:11:40,ESX-FUTURE,3118.0,2173,3118.0,792
01:11:41,ESX-FUTURE,3118.0,1202,3119.0,1763
01:11:42,ESX-FUTURE,3118.0,1152,3119.0,1813
01:11:42,SP-FUTURE,3150.0,1682,3150.0,1156
01:11:42,SP-FUTURE,3150.0,1850,3150.0,988
01:11:43,ESX-FUTURE,3118.0,1457,3118.0,1508
01:11:43,ESX-FUTURE,3118.0,2005,3118.0,960
01:11:44,ESX-FUTURE,3117.0,2098,3118.0,867
01:11:44,ESX-FUTURE,3118.0,100,3118.0,2865
01:11:45,SP-FUTURE,3150.0,1912,3150.0,926
01:11:45,SP-FUTURE,3150.0,1677,3150.0,1161
01:11:46,ESX-FUTURE,3118.0,693,3118.0,2272
01:11:46,ESX-FUTURE,3117.0,1862,3118.0,1103
01:11:47,ESX-FUTURE,3117.0,2433,3117.0,532
01:11:47,SP-FUTURE,3150.0,1148,3150.0,1690
01:11:48,SP-FUTURE,3149.0,2066,3150.0,772
01:11:49,ESX-FUTURE,3117.0,2937,3118.0,28
01:11:49,SP-FUTURE,3149.0,2075,3150.0,763
01:11:51,ESX-FUTURE,3118.0,853,3118.0,2112
01:11:52,SP-FUTURE,3149.0,2075,3150.0,763
01:11:52,SP-FUTURE,3150.0,1614,3150.0,1224
01:11:53,ESX-FUTURE,3118.0,624,3118.0,2341
01:11:53,SP-FUTURE,3150.0,1990,3150.0,848
01:11:54,SP-FUTURE,3150.0,1020,3150.0,1818
01:11:54,SP-FUTURE,3150.0,1021,3150.0,1817
01:11:54,ESX-FUTURE,3118.0,2673,3118.0,292
01:11:55,SP-FUTURE,3150.0,1123,3150.0,1715
01:11:56,SP-FUTURE,3150.0,672,3150.0,2166
01:11:56,ESX-FUTURE,3118.0,498,3118.0,2467
01:11:56,ESX-FUTURE,3118.0,345,3119.0,2620
01:11:57,SP-FUTURE,3150.0,672,3150.0,2166
01:11:57,ESX-FUTURE,3119.0,2691,3119.0,274
01:11:58,ESX-FUTURE,3119.0,2446,3119.0,519
01:11:58,SP-FUTURE,3149.0,2543,3150.0,295
01:11:58,ESX-FUTURE,3119.0,2050,3119.0,915
01:11:59,SP-FUTURE,3149.0,2420,3150.0,418
01:11:59,ESX-FUTURE,3117.0,2630,3117.0,335
01:12:00,SP-FUTURE,3149.0,821,3150.0,2017
01:12:01,ESX-FUTURE,3117.0,2908,3117.0,57
01:12:01,SP-FUTURE,3149.0,864,3150.0,1974
01:12:02,ESX-FUTURE,3117.0,22,3117.0,2943
01:12:02,SP-FUTURE,3149.0,861,3150.0,1977
01:12:03,ESX-FUTURE,3118.0,2847,3118.0,118
01:12:03,ESX-FUTURE,3119.0,1406,3119.0,1559
01:12:03,SP-FUTURE,3149.0,1257,3150.0,1581
01:12:04,SP-FUTURE,3149.0,2070,3149.0,768
01:12:04,ESX-FUTURE,3119.0,1406,3119.0,1559
01:12:05,ESX-FUTURE,3119.0,1928,3120.0,1037
01:12:06,SP-FUTURE,3146.0,2033,3147.0,805
01:12:06,SP-FUTURE,3147.0,2110,3147.0,728
01:12:06,ESX-FUTURE,3119.0,2383,3120.0,582
01:12:07,ESX-FUTURE,3119.0,2426,3120.0,539
01:12:07,SP-FUTURE,3147.0,1892,3147.0,946
01:12:12,ESX-FUTURE,3120.0,1720,3120.0,1245
01:12:14,SP-FUTURE,3146.0,604,3147.0,2234
01:12:19,ESX-FUTURE,3118.0,2961,3119.0,4
01:12:24,SP-FUTURE,3145.0,2636,3145.0,202
01:12:31,ESX-FUTURE,3116.0,174,3116.0,2791
01:12:36,SP-FUTURE,3147.0,2607,3148.0,231
01:12:37,SP-FUTURE,3148.0,815,3148.0,2023
01:12:38,SP-FUTURE,3148.0,786,3148.0,2052
01:12:40,SP-FUTURE,3148.0,492,3148.0,2346
01:12:45,SP-FUTURE,3148.0,37,3148.0,2801
01:12:48,ESX-FUTURE,3112.0,360,3112.0,2605
01:12:56,SP-FUTURE,3147.0,53,3148.0,2785
01:13:02,ESX-FUTURE,3112.0,934,3112.0,2031
01:13:08,SP-FUTURE,3148.0,1664,3149.0,1174
01:13:09,SP-FUTURE,3148.0,279,3149.0,2559
01:13:12,ESX-FUTURE,3111.0,2025,3111.0,940
01:13:12,ESX-FUTURE,3111.0,761,3111.0,2204
01:13:14,SP-FUTURE,3149.0,875,3149.0,1963
01:13:14,ESX-FUTURE,3111.0,1448,3112.0,1517
01:13:17,ESX-FUTURE,3111.0,1204,3111.0,1761
01:13:18,SP-FUTURE,3148.0,823,3148.0,2015
01:13:21,SP-FUTURE,3144.0,1009,3145.0,1829
01:13:27,SP-FUTURE,3144.0,762,3145.0,2076
01:13:35,SP-FUTURE,3145.0,1681,3146.0,1157
01:13:37,ESX-FUTURE,3108.0,2676,3108.0,289
01:13:40,ESX-FUTURE,3109.0,2124,3109.0,841
01:13:41,SP-FUTURE,3146.0,1419,3146.0,1419
01:13:44,SP-FUTURE,3146.0,706,3146.0,2132
01:13:47,ESX-FUTURE,3109.0,2769,3109.0,196
01:13:47,ESX-FUTURE,3110.0,33,3110.0,2932
01:13:49,ESX-FUTURE,3110.0,2478,3110.0,487
01:13:54,SP-FUTURE,3145.0,417,3145.0,2421
01:13:57,SP-FUTURE,3146.0,1508,3146.0,1330
01:14:00,ESX-FUTURE,3110.0,2226,3110.0,739
01:14:04,ESX-FUTURE,3110.0,2235,3110.0,730
01:14:04,SP-FUTURE,3146.0,138,3146.0,2700
01:14:05,ESX-FUTURE,3110.0,2327,3110.0,638
01:14:07,SP-FUTURE,3144.0,1059,3144.0,1779
01:14:09,ESX-FUTURE,3109.0,1650,3109.0,1315
01:14:11,ESX-FUTURE,3109.0,1991,3110.0,974
01:14:12,ESX-FUTURE,3109.0,1990,3110.0,975
01:14:12,SP-FUTURE,3144.0,564,3145.0,2274
01:14:16,SP-FUTURE,3145.0,441,3145.0,2397
01:14:20,SP-FUTURE,3145.0,1825,3145.0,1013
01:14:23,ESX-FUTURE,3109.0,2818,3110.0,147
01:14:28,ESX-FUTURE,3110.0,2344,3110.0,621
01:14:30,ESX-FUTURE,3109.0,720,3109.0,2245
01:14:34,SP-FUTURE,3145.0,2347,3146.0,491
01:14:37,ESX-FUTURE,3107.0,1864,3108.0,1101
01:14:42,SP-FUTURE,3147.0,834,3147.0,2004
01:14:46,ESX-FUTURE,3106.0,2665,3106.0,300
01:14:47,SP-FUTURE,3147.0,1070,3147.0,1768
01:14:55,ESX-FUTURE,3106.0,299,3107.0,2666
01:14:56,ESX-FUTURE,3106.0,872,3107.0,2093
01:14:58,ESX-FUTURE,3107.0,2529,3107.0,436
01:15:00,SP-FUTURE,3147.0,372,3147.0,2466
01:15:02,SP-FUTURE,3150.0,1944,3150.0,894
01:15:02,ESX-FUTURE,3106.0,2718,3106.0,247
01:15:05,SP-FUTURE,3150.0,474,3150.0,2364
01:15:08,SP-FUTURE,3150.0,499,3150.0,2339
01:15:10,SP-FUTURE,3150.0,55,3150.0,2783
01:15:11,SP-FUTURE,3150.0,997,3150.0,1841
01:15:14,SP-FUTURE,3150.0,300,3150.0,2538
